titulo,preco_atual,preco_anterior,desconto_pct,vendidos,avaliacao,link,imagem,legenda_sugerida
Creatina Soldiers Nutrition em pó Sem sabor x 1kg,68.0,239.0,71,750000,4.9,https://www.mercadolivre.com.br/creatina-soldiers-nutrition-em-po-sem-sabor-x-1kg/p/MLB18725310?pdp_filters=deal%3AMLB779362-1,https://http2.mlstatic.com/D_Q_NP_2X_998463-MLA116907384785_082026-AB.webp,"Gente, olha esse preço 😳

Creatina Soldiers Nutrition em pó Sem sabor x 1kg por R$ 68,00 (71% OFF)

Link de compra nos comentários / bio 🔗
#achadinhos #achadinhosdoterra #promocao"
Creatina Dark Lab Premium Pure em pó Sem sabor x 500g,49.0,99.0,50,1000000,4.9,https://www.mercadolivre.com.br/creatina-dark-lab-premium-pure-em-po-sem-sabor-x-500g/p/MLB26796581?pdp_filters=deal%3AMLB779362-1,https://http2.mlstatic.com/D_Q_NP_2X_734286-MLA115263082370_082026-AB.webp,"Achei isso e vim correndo avisar vocês

Creatina Dark Lab Premium Pure em pó Sem sabor x 500g por R$ 49,00 (50% OFF)

Link de compra nos comentários / bio 🔗
#achadinhos #achadinhosdoterra #promocao"
Kit 10 Pote De Vidro Marmita Hermético 640ml Freezer Fitness Rishon,97.0,197.0,50,250000,4.9,https://www.mercadolivre.com.br/kit-10-pote-de-vidro-marmita-hermetico-640ml-freezer-fitness-rishon/p/MLB63904966?pdp_filters=deal%3AMLB779362-1,https://http2.mlstatic.com/D_Q_NP_2X_900432-MLA113518359539_062026-AB.webp,"Não acreditei quando vi o preço desse aqui

Kit 10 Pote De Vidro Marmita Hermético 640ml Freezer Fitness Rishon por R$ 97,00 (50% OFF)

Link de compra nos comentários / bio 🔗
#achadinhos #achadinhosdoterra #promocao"
Parafusadeira Furadeira De Impacto The Black Tools Profissional TB-21PX 2 Baterias Com Maleta 60Hz Amarelo,159.0,319.0,50,250000,4.8,https://www.mercadolivre.com.br/parafusadeira-furadeira-de-impacto-the-black-tools-profissional-tb-21px-2-baterias-com-maleta-60hz-amarelo/p/MLB30144703?pdp_filters=deal%3AMLB779362-1,https://http2.mlstatic.com/D_Q_NP_2X_981459-MLA117136184907_092026-AB.webp,"Esse aqui tá quase de graça, olha só

Parafusadeira Furadeira De Impacto The Black Tools Profissional TB-21PX 2 Baterias Com Maleta 60Hz Amarelo por R$ 159,00 (50% OFF)

Link de compra nos comentários / bio 🔗
#achadinhos #achadinhosdoterra #promocao"
Creatina Monohidratada Dark Lab 1kg (100%),78.0,159.0,50,500000,4.9,https://www.mercadolivre.com.br/creatina-monohidratada-dark-lab-1kg-100/p/MLB25929487?pdp_filters=deal%3AMLB779362-1,https://http2.mlstatic.com/D_Q_NP_2X_603981-MLA115262802698_082026-AB.webp,"Pausa pro achadinho do dia 👇

Creatina Monohidratada Dark Lab 1kg (100%) por R$ 78,00 (50% OFF)

Link de compra nos comentários / bio 🔗
#achadinhos #achadinhosdoterra #promocao"
Creatina Growth Supplements Monohidratada em pó Sem sabor x 250g,39.0,64.0,38,1000000,4.9,https://www.mercadolivre.com.br/creatina-growth-supplements-monohidratada-em-po-sem-sabor-x-250g/p/MLB19603205?pdp_filters=deal%3AMLB779362-1,https://http2.mlstatic.com/D_Q_NP_2X_662415-MLA97812910758_112025-AB.webp,"Gente, olha esse preço 😳

Creatina Growth Supplements Monohidratada em pó Sem sabor x 250g por R$ 39,00 (38% OFF)

Link de compra nos comentários / bio 🔗
#achadinhos #achadinhosdoterra #promocao"
Câmera Ip A8 App Icsee Infravermelho Prova D'água Externa Wifi Hd Cor Branco,78.0,175.0,55,100000,4.7,https://www.mercadolivre.com.br/camera-ip-a8-app-icsee-infravermelho-prova-dagua-externa-wifi-hd-cor-branco/p/MLB25474028?pdp_filters=deal%3AMLB779362-1,https://http2.mlstatic.com/D_Q_NP_2X_921837-MLA99700943906_122025-AB.webp,"Achei isso e vim correndo avisar vocês

Câmera Ip A8 App Icsee Infravermelho Prova D'água Externa Wifi Hd Cor Branco por R$ 78,00 (55% OFF)

Link de compra nos comentários / bio 🔗
#achadinhos #achadinhosdoterra #promocao"
Tênis Casual Kappa Zenit Masculino Unissex Conforto,104.0,229.0,54,100000,4.7,https://produto.mercadolivre.com.br/MLB-5408593708-tnis-casual-kappa-zenit-masculino-unissex-conforto-_JM?searchVariation=203864180685,https://http2.mlstatic.com/D_Q_NP_2X_727838-MLA106862284149_022026-AB-tnis-casual-kappa-zenit-masculino-unissex-conforto.webp,"Não acreditei quando vi o preço desse aqui

Tênis Casual Kappa Zenit Masculino Unissex Conforto por R$ 104,00 (54% OFF)

Link de compra nos comentários / bio 🔗
#achadinhos #achadinhosdoterra #promocao"
Tênis Kappa Pulse Rx Unissex Corrida Conforto,135.0,289.0,53,100000,4.6,https://produto.mercadolivre.com.br/MLB-5532075156-tnis-kappa-pulse-rx-unissex-corrida-conforto-_JM?searchVariation=200557607849,https://http2.mlstatic.com/D_Q_NP_2X_698189-MLB117166353073_092026-AB-tnis-kappa-pulse-rx-unissex-corrida-conforto.webp,"Esse aqui tá quase de graça, olha só

Tênis Kappa Pulse Rx Unissex Corrida Conforto por R$ 135,00 (53% OFF)

Link de compra nos comentários / bio 🔗
#achadinhos #achadinhosdoterra #promocao"
Creatina Growth Supplements Monohidratada em pó Sem sabor x 500g,78.0,104.0,24,250000,4.9,https://www.mercadolivre.com.br/creatina-growth-supplements-monohidratada-em-po-sem-sabor-x-500g/p/MLB66637233?pdp_filters=deal%3AMLB779362-1,https://http2.mlstatic.com/D_Q_NP_2X_870227-MLA116260093488_092026-AB.webp,"Pausa pro achadinho do dia 👇

Creatina Growth Supplements Monohidratada em pó Sem sabor x 500g por R$ 78,00 (24% OFF)

Link de compra nos comentários / bio 🔗
#achadinhos #achadinhosdoterra #promocao"
Roteador HUAWEI WiFi AX2S 5 GHz Wi-Fi 6 HarmonyOS Mesh+ EasyMeshVisualização de Diagnósticos do Wi-Fi Controle Parental Preto,141.0,499.0,71,10000,4.8,https://www.mercadolivre.com.br/roteador-huawei-wifi-ax2s-5-ghz-wi-fi-6-harmonyos-mesh-easymeshvisualizacao-de-diagnosticos-do-wi-fi-controle-parental-preto/p/MLB36213556?pdp_filters=deal%3AMLB779362-1,https://http2.mlstatic.com/D_Q_NP_2X_761101-MLA114281663137_072026-AB.webp,"Gente, olha esse preço 😳

Roteador HUAWEI WiFi AX2S 5 GHz Wi-Fi 6 HarmonyOS Mesh+ EasyMeshVisualização de Diagnósticos do Wi-Fi Controle Parental Preto por R$ 141,00 (71% OFF)

Link de compra nos comentários / bio 🔗
#achadinhos #achadinhosdoterra #promocao"
Video Porteiro Ivr 1010 Branco E Preto Intelbras 110V/220V,370.0,803.0,53,50000,4.8,https://www.mercadolivre.com.br/video-porteiro-ivr-1010-branco-e-preto-intelbras-110v220v/p/MLB27070501?pdp_filters=deal%3AMLB779362-1,https://http2.mlstatic.com/D_Q_NP_2X_623972-MLA99988236647_112025-AB.webp,"Achei isso e vim correndo avisar vocês

Video Porteiro Ivr 1010 Branco E Preto Intelbras 110V/220V por R$ 370,00 (53% OFF)

Link de compra nos comentários / bio 🔗
#achadinhos #achadinhosdoterra #promocao"
Samsung Galaxy A17 4g Cinza,745.0,1599.0,53,50000,4.9,https://www.mercadolivre.com.br/samsung-galaxy-a17-4g-cinza/p/MLB55044657?pdp_filters=deal%3AMLB779362-1,https://http2.mlstatic.com/D_Q_NP_2X_807545-MLA91949036595_092025-AB.webp,"Não acreditei quando vi o preço desse aqui

Samsung Galaxy A17 4g Cinza por R$ 745,00 (53% OFF)

Link de compra nos comentários / bio 🔗
#achadinhos #achadinhosdoterra #promocao"
Creme Multirreparador Pele Sensível Cicaplast Baume B5+ La Roche-Posay 20ml,35.0,59.0,39,100000,4.9,https://www.mercadolivre.com.br/creme-multirreparador-pele-sensivel-cicaplast-baume-b5-la-roche-posay-20ml/p/MLB25904875?pdp_filters=deal%3AMLB779362-1,https://http2.mlstatic.com/D_Q_NP_2X_906529-MLA115584916886_092026-AB.webp,"Esse aqui tá quase de graça, olha só

Creme Multirreparador Pele Sensível Cicaplast Baume B5+ La Roche-Posay 20ml por R$ 35,00 (39% OFF)

Link de compra nos comentários / bio 🔗
#achadinhos #achadinhosdoterra #promocao"
Auxiliar de Partida Carregador Bateria Com Compressor de Ar Emergência Portátil Veicular Floots Automotivo,151.0,390.0,61,10000,4.6,https://www.mercadolivre.com.br/auxiliar-de-partida-carregador-bateria-com-compressor-de-ar-emergencia-portatil-veicular-floots-automotivo/p/MLB58366147?pdp_filters=deal%3AMLB779362-1,https://http2.mlstatic.com/D_Q_NP_2X_873588-MLA112878636368_072026-AB.webp,"Pausa pro achadinho do dia 👇

Auxiliar de Partida Carregador Bateria Com Compressor de Ar Emergência Portátil Veicular Floots Automotivo por R$ 151,00 (61% OFF)

Link de compra nos comentários / bio 🔗
#achadinhos #achadinhosdoterra #promocao"
"Celular Samsung Galaxy A17 5G Com IA, 128gb, 4gb Ram, Câm De 50mp, Tela De 6.7"", Nfc, Ip54 - Preto",944.0,1855.0,49,50000,4.8,https://www.mercadolivre.com.br/celular-samsung-galaxy-a17-5g-com-ia-128gb-4gb-ram-cam-de-50mp-tela-de-67-nfc-ip54-preto/p/MLB63335606?pdp_filters=deal%3AMLB779362-1,https://http2.mlstatic.com/D_Q_NP_2X_864503-MLA118251143201_092026-AB.webp,"Gente, olha esse preço 😳

Celular Samsung Galaxy A17 5G Com IA, 128gb, 4gb Ram, Câm De 50mp, Tela De 6.7"", Nfc, Ip54 - Preto por R$ 944,00 (49% OFF)

Link de compra nos comentários / bio 🔗
#achadinhos #achadinhosdoterra #promocao"
"Cama Elástica Pula Pula Infantil Trampolim 1,4 Metros Atentu",269.0,659.0,59,10000,4.8,https://www.mercadolivre.com.br/cama-elastica-pula-pula-infantil-trampolim-14-metros-atentu/p/MLB28717101?pdp_filters=deal%3AMLB779362-1,https://http2.mlstatic.com/D_Q_NP_2X_917104-MLA96155675715_102025-AB.webp,"Achei isso e vim correndo avisar vocês

Cama Elástica Pula Pula Infantil Trampolim 1,4 Metros Atentu por R$ 269,00 (59% OFF)

Link de compra nos comentários / bio 🔗
#achadinhos #achadinhosdoterra #promocao"
Kit 3x Colágeno Verisol Ácido Hialurônico Biotina Renova Be,170.0,408.0,58,5000,4.8,https://produto.mercadolivre.com.br/MLB-2216999687-kit-3x-colageno-verisol-acido-hialurnico-biotina-renova-be-_JM?searchVariation=174339113664,https://http2.mlstatic.com/D_Q_NP_2X_789809-MLB113399130390_072026-AB-kit-3x-colageno-verisol-acido-hialurnico-biotina-renova-be.webp,"Não acreditei quando vi o preço desse aqui

Kit 3x Colágeno Verisol Ácido Hialurônico Biotina Renova Be por R$ 170,00 (58% OFF)

Link de compra nos comentários / bio 🔗
#achadinhos #achadinhosdoterra #promocao"
"Barbeador e Aparador Elétrico Philips OneBlade com Pente 5 em 1, Sem Fio e À Prova D'Água - QP1425/10",139.0,212.0,34,100000,4.8,https://www.mercadolivre.com.br/barbeador-e-aparador-eletrico-philips-oneblade-com-pente-5-em-1-sem-fio-e-prova-dagua-qp142510/p/MLB51986596?pdp_filters=deal%3AMLB779362-1,https://http2.mlstatic.com/D_Q_NP_2X_783146-MLA111544883867_052026-AB.webp,"Esse aqui tá quase de graça, olha só

Barbeador e Aparador Elétrico Philips OneBlade com Pente 5 em 1, Sem Fio e À Prova D'Água - QP1425/10 por R$ 139,00 (34% OFF)

Link de compra nos comentários / bio 🔗
#achadinhos #achadinhosdoterra #promocao"
Colágeno Renova Be com Verisol e Ácido Hialurônico,80.0,183.0,55,10000,4.9,https://click1.mercadolivre.com.br/mclics/clicks/external/MLB/count?a=6%2FH6SAj5WeyBCzcAm3rvlNlxrFZq9Izrv3VN4Wt1UQ5bKY0A1WaejC9utg8uOBeJHSTX1%2FLVx8SKhs1e%2Bb%2B01UzXN%2BQpW1RnXzpUVB%2BVJFiVIdQOxG57plR7lqojftc2PUVAFwr0isn24Hpo1OEy85n2ylYx1y6pQbnVUoJ7JQqBJ49dCatMR59PhnPxCbINDwlrQnVKtvLsm%2FPSNQMhLZI02KmVIALjNWA8LEqx4Lnuqgsmu7UeP7bvGL418E3TIidoUpt6f%2F3kcHXPmXzEkWAkqyDaKFmgXjpLFRjZjt13D9EYO4pssK2Y8bEWgVBrEopJrWGRwm9WKbHSDGen%2FQMBQ%2BwizOGBrIuuGzR0x%2FXb1%2BNKJrIxo6jjBEthktHeYOs%2BlhLiDqhwCv8Jf47mWiI%2FuEQ2B0xKISqpyeFzlpkgyLGAuHcnbOxJGEsyHD3rnvqn0S2foL6hcPXeHS1UmD%2B5067arTy89iwyNUy958Q4wy31yXCD0n5bSvNPRDMndHg5885gpUIVvosiE4GrFWp15CQ%2FvEKYACny&url=https%3A%2F%2Fwww.mercadolivre.com.br%2Fcolageno-renova-be-com-verisol-e-acido-hialuronico%2Fp%2FMLB45889013%23searchVariation%3DMLB45889013%26position%3D7%26search_layout%3Dgrid%26deal_print_id%3D3b951495-6325-4893-810d-d3e0db27dbd1%26tracking_id%3Dbacc69fe-503a-45a0-bb6e-87c30ed4419c&lm=1492474272,https://http2.mlstatic.com/D_Q_NP_2X_948608-MLA114642631343_072026-AB.webp,"Pausa pro achadinho do dia 👇

Colágeno Renova Be com Verisol e Ácido Hialurônico por R$ 80,00 (55% OFF)

Link de compra nos comentários / bio 🔗
#achadinhos #achadinhosdoterra #promocao"
Câmera de Segurança Inteligente Intelbras iM3 C Branca,145.0,215.0,32,100000,4.9,https://www.mercadolivre.com.br/camera-de-seguranca-inteligente-intelbras-im3-c-branca/p/MLB18596028?pdp_filters=deal%3AMLB779362-1,https://http2.mlstatic.com/D_Q_NP_2X_798191-MLA99474077760_112025-AB.webp,"Gente, olha esse preço 😳

Câmera de Segurança Inteligente Intelbras iM3 C Branca por R$ 145,00 (32% OFF)

Link de compra nos comentários / bio 🔗
#achadinhos #achadinhosdoterra #promocao"
Conjunto Roteador Mesh Wifi 6 Intelbras Twibi Force Ax 2 Uni Branco,380.0,819.0,53,10000,4.8,https://click1.mercadolivre.com.br/mclics/clicks/external/MLB/count?a=DW1A0ZbW1I1naMCgEEuQU5hUdQxvlpDA%2BNny32vHcGbaEXKecUiVeVl2R80m9aYIl%2BqFGbDxvDmESqyYnv9KrfgAM4LM%2BzVAb88YOdb7PClhLh9qu1EhcxbX1GsDx%2F3PEQhEm3P%2BIoLy2uklRWk0IfpNGhZbccNGZ26d6oFNDmerJHUqX%2B4Fe2ed3jgJBik%2BFCJ%2FnMLInS8TezX%2Faf16K10qGnhhGiJf4D9ChAs5FIhu0p3GUiZtz3Lwjf3AcVOn3xHohpm7WrW%2BgCzQtH6k2cxOSXUD6TcB0PWoU7eVz%2BGNo1k41YLKcN81fTivPy1z6EYVaa%2B3f0YFZ8okcjfq5mJPVTZI1S%2BFJCr2MW%2FfsOVU87M8yB6EQr7j7HzAGc802CsZX4hBmQOod2qFJxsTsDEYf88z5K5BnYD5%2BuQG4FFXo6nvPAsMT8HrCgXOYrmzbMcNK7Zrq%2BuCamarJNzKji6DumWzgnUkUdQ2sbIkARSqm%2FMRYbbnqzh1CRANAPiQ2a4GX0HKnSD5ENuyQv7rFj8J9wHyThcRwyaFDg%3D%3D&url=https%3A%2F%2Fwww.mercadolivre.com.br%2Fconjunto-roteador-mesh-wifi-6-intelbras-twibi-force-ax-2-uni-branco%2Fp%2FMLB26578044%23searchVariation%3DMLB26578044%26position%3D8%26search_layout%3Dgrid%26deal_print_id%3D3b951495-6325-4893-810d-d3e0db27dbd1%26tracking_id%3Dbacc69fe-503a-45a0-bb6e-87c30ed4419c&lm=1735585446,https://http2.mlstatic.com/D_Q_NP_2X_677351-MLA100042433271_122025-AB.webp,"Achei isso e vim correndo avisar vocês

Conjunto Roteador Mesh Wifi 6 Intelbras Twibi Force Ax 2 Uni Branco por R$ 380,00 (53% OFF)

Link de compra nos comentários / bio 🔗
#achadinhos #achadinhosdoterra #promocao"
"Celular Samsung Galaxy A17 Com Ia, 128gb, 4gb Ram, Câm De 50mp, Tela De 6.7"", Nfc, Ip54 - Preto",845.0,1499.0,43,50000,4.9,https://www.mercadolivre.com.br/celular-samsung-galaxy-a17-com-ia-128gb-4gb-ram-cam-de-50mp-tela-de-67-nfc-ip54-preto/p/MLB65114795?pdp_filters=deal%3AMLB779362-1,https://http2.mlstatic.com/D_Q_NP_2X_868127-MLA118013296557_092026-AB.webp,"Não acreditei quando vi o preço desse aqui

Celular Samsung Galaxy A17 Com Ia, 128gb, 4gb Ram, Câm De 50mp, Tela De 6.7"", Nfc, Ip54 - Preto por R$ 845,00 (43% OFF)

Link de compra nos comentários / bio 🔗
#achadinhos #achadinhosdoterra #promocao"
Esteira Ergométrica Elétrica Dobrável Residencial Cardio Preto 127/220v,669.0,1499.0,55,1000,4.8,https://www.mercadolivre.com.br/esteira-ergometrica-eletrica-dobravel-residencial-cardio/up/MLBU4760101286?pdp_filters=deal%3AMLB779362-1,https://http2.mlstatic.com/D_Q_NP_2X_773728-MLB116246249633_082026-AB--esteira-ergometrica-eletrica-dobravel-residencial-cardio.webp,"Esse aqui tá quase de graça, olha só

Esteira Ergométrica Elétrica Dobrável Residencial Cardio Preto 127/220v por R$ 669,00 (55% OFF)

Link de compra nos comentários / bio 🔗
#achadinhos #achadinhosdoterra #promocao"
Tablet Lenovo Tab 10.1¨ Wifi 5 64gb 4gb De Ram Android 14 Cinza,879.0,1784.0,50,10000,4.9,https://www.mercadolivre.com.br/tablet-lenovo-tab-101-wifi-5-64gb-4gb-de-ram-android-14-cinza/p/MLB56676058?pdp_filters=deal%3AMLB779362-1,https://http2.mlstatic.com/D_Q_NP_2X_684905-MLA106055190360_022026-AB.webp,"Pausa pro achadinho do dia 👇

Tablet Lenovo Tab 10.1¨ Wifi 5 64gb 4gb De Ram Android 14 Cinza por R$ 879,00 (50% OFF)

Link de compra nos comentários / bio 🔗
#achadinhos #achadinhosdoterra #promocao"
Tênis Kappa Pulse Supra Masculino Feminino,132.0,259.0,49,10000,4.6,https://produto.mercadolivre.com.br/MLB-5857442960-tnis-kappa-pulse-supra-masculino-feminino-_JM?searchVariation=199865408099,https://http2.mlstatic.com/D_Q_NP_2X_749062-MLB109422857288_042026-AB-tnis-kappa-pulse-supra-masculino-feminino.webp,"Gente, olha esse preço 😳

Tênis Kappa Pulse Supra Masculino Feminino por R$ 132,00 (49% OFF)

Link de compra nos comentários / bio 🔗
#achadinhos #achadinhosdoterra #promocao"
Berço Portátil Bebê Acoplado Co-Bed Connect Maxi Baby - CINZA,399.0,799.0,50,5000,4.9,https://www.mercadolivre.com.br/berco-portatil-bebe-acoplado-co-bed-connect-maxi-baby-cinza/p/MLB61794290?pdp_filters=deal%3AMLB779362-1,https://http2.mlstatic.com/D_Q_NP_2X_666205-MLA109881359403_032026-AB.webp,"Achei isso e vim correndo avisar vocês

Berço Portátil Bebê Acoplado Co-Bed Connect Maxi Baby - CINZA por R$ 399,00 (50% OFF)

Link de compra nos comentários / bio 🔗
#achadinhos #achadinhosdoterra #promocao"
Nobreak Attiv 600 Bivolt 600va Preto,340.0,664.0,48,10000,4.8,https://www.mercadolivre.com.br/nobreak-attiv-600-bivolt-600va-preto/p/MLB19865695?pdp_filters=deal%3AMLB779362-1,https://http2.mlstatic.com/D_Q_NP_2X_738119-MLA116766889603_082026-AB.webp,"Não acreditei quando vi o preço desse aqui

Nobreak Attiv 600 Bivolt 600va Preto por R$ 340,00 (48% OFF)

Link de compra nos comentários / bio 🔗
#achadinhos #achadinhosdoterra #promocao"
"Smartphone Motorola Moto G56 5g - 256gb 8gb Ram+8gb Ram Boost, Camera 50mp Sony Lytia 600 Ultrarresistencia Militar e Ip68 + Ip69 - Cinza",1387.0,2699.0,48,10000,4.9,https://www.mercadolivre.com.br/smartphone-motorola-moto-g56-5g-256gb-8gb-ram8gb-ram-boost-camera-50mp-sony-lytia-600-ultrarresistencia-militar-e-ip68-ip69-cinza/p/MLB50301060?pdp_filters=deal%3AMLB779362-1,https://http2.mlstatic.com/D_Q_NP_2X_748002-MLA104773303805_012026-AB.webp,"Esse aqui tá quase de graça, olha só

Smartphone Motorola Moto G56 5g - 256gb 8gb Ram+8gb Ram Boost, Camera 50mp Sony Lytia 600 Ultrarresistencia Militar e Ip68 + Ip69 - Cinza por R$ 1387,00 (48% OFF)

Link de compra nos comentários / bio 🔗
#achadinhos #achadinhosdoterra #promocao"
Caixa de Som Boombox Plus AIWA BBS-01-LBL 200W Bluetooth 30H IP66 USB RGB,1253.0,2299.0,45,10000,4.8,https://www.mercadolivre.com.br/caixa-de-som-boombox-plus-aiwa-bbs-01-lbl-200w-bluetooth-30h-ip66-usb-rgb/p/MLB38520699?pdp_filters=deal%3AMLB779362-1,https://http2.mlstatic.com/D_Q_NP_2X_825005-MLA112458910702_062026-AB.webp,"Pausa pro achadinho do dia 👇

Caixa de Som Boombox Plus AIWA BBS-01-LBL 200W Bluetooth 30H IP66 USB RGB por R$ 1253,00 (45% OFF)

Link de compra nos comentários / bio 🔗
#achadinhos #achadinhosdoterra #promocao"
Bicicleta Spinning Winnek Enduro Com Roda de Inércia de 20kg e Bluetooth,1533.0,2852.0,46,1000,4.8,https://click1.mercadolivre.com.br/mclics/clicks/external/MLB/count?a=kOWmuzkWWtWRAeHz0HUaDDtOk7XtyZwzVyZxlWqP6Kv5Qt4iKmyqLOD6REnzOP5QvV80ivxuk7PKGQrIDKB33PR2bsITiTB2EiNYiigxEYJ0TzXmHj8XNAt6wwB1BDQheTdi1TJxrahJhQYiKY7T02f4P79EcBnOHP7POkjwUiyS5Zgyksby77oGGu1hPvU09QL0sHusayJckbtU82onaOWCW44YuN1JScjr6S8YV5EXFTP7tgheG6S%2Fu%2FocYXohM8gEYurW1Im5%2Fv5k7n8TCCWWDpmlFKtbFbprXdxroB5XRnF%2BTWKI8lT%2BtfWiNPN6c1rL4uEafoorMomPpNYGF6wLdK0t%2BiETawJdXPK%2FCUVyGq5HszB6dgucHwALU1rCAvEl6zeorsSjzW9QgAZEPID6oYMMDgRsTQhBJDtVGVMVFF5Q0fZn%2FyMQapqDGkvm2gwkSIEjnMpt7Vu0O5zVZAJZayY6DO4RJAI%2FA1BhI7RQBAXXX0lavnOpZRZhpxUaaBNClAJAmeER0rWKvq9%2F38z1xOO%2FeucMmrfVIg%3D%3D&url=https%3A%2F%2Fwww.mercadolivre.com.br%2Fbicicleta-spinning-winnek-enduro-com-roda-de-inercia-de-20kg-e-bluetooth%2Fp%2FMLB63673020%23searchVariation%3DMLB63673020%26position%3D9%26search_layout%3Dgrid%26deal_print_id%3D3b951495-6325-4893-810d-d3e0db27dbd1%26tracking_id%3Dbacc69fe-503a-45a0-bb6e-87c30ed4419c&lm=1609480343,https://http2.mlstatic.com/D_Q_NP_2X_926199-MLA104268345393_012026-AB.webp,"Gente, olha esse preço 😳

Bicicleta Spinning Winnek Enduro Com Roda de Inércia de 20kg e Bluetooth por R$ 1533,00 (46% OFF)

Link de compra nos comentários / bio 🔗
#achadinhos #achadinhosdoterra #promocao"
Jogo Toalhas Banho E Rosto Grossas Macias 100% Algodão 4pçs,84.0,149.0,43,10000,4.6,https://produto.mercadolivre.com.br/MLB-5599269086-jogo-toalhas-banho-e-rosto-grossas-macias-100-algodo-4pcs-_JM?searchVariation=184812466710,https://http2.mlstatic.com/D_Q_NP_2X_609364-MLB114920479787_072026-AB-jogo-toalhas-banho-e-rosto-grossas-macias-100-algodo-4pcs.webp,"Achei isso e vim correndo avisar vocês

Jogo Toalhas Banho E Rosto Grossas Macias 100% Algodão 4pçs por R$ 84,00 (43% OFF)

Link de compra nos comentários / bio 🔗
#achadinhos #achadinhosdoterra #promocao"
Smartphone Samsung Galaxy A36 5g 128gb 6gb Ram Câmera Tripla De Até 50mp Selfie De 12mp Ip67 Super Amoled 6.7'' Nfc Recursos Ai Android E Segurança Snapdragon - Violeta,1258.0,2212.0,43,10000,4.9,https://www.mercadolivre.com.br/smartphone-samsung-galaxy-a36-5g-128gb-6gb-ram-camera-tripla-de-ate-50mp-selfie-de-12mp-ip67-super-amoled-67-nfc-recursos-ai-android-e-seguranca-snapdragon-violeta/p/MLB47113437?pdp_filters=deal%3AMLB779362-1,https://http2.mlstatic.com/D_Q_NP_2X_925275-MLA99995733515_112025-AB.webp,"Não acreditei quando vi o preço desse aqui

Smartphone Samsung Galaxy A36 5g 128gb 6gb Ram Câmera Tripla De Até 50mp Selfie De 12mp Ip67 Super Amoled 6.7'' Nfc Recursos Ai Android E Segurança Snapdragon - Violeta por R$ 1258,00 (43% OFF)

Link de compra nos comentários / bio 🔗
#achadinhos #achadinhosdoterra #promocao"
Chave De Impacto Brushless 21v 2 Baterias 600nm 1/2  Ryoku Verde 127/220v 50 Hz/60 Hz,217.0,395.0,45,1000,4.6,https://www.mercadolivre.com.br/chave-de-impacto-brushless-21v-2-baterias-600nm-12--ryoku/up/MLBU3972576701?pdp_filters=deal%3AMLB779362-1,https://http2.mlstatic.com/D_Q_NP_2X_663521-MLB117214988557_092026-AB--chave-de-impacto-brushless-21v-2-baterias-600nm-12--ryoku.webp,"Esse aqui tá quase de graça, olha só

Chave De Impacto Brushless 21v 2 Baterias 600nm 1/2  Ryoku Verde 127/220v 50 Hz/60 Hz por R$ 217,00 (45% OFF)

Link de compra nos comentários / bio 🔗
#achadinhos #achadinhosdoterra #promocao"
"Samsung Smart Tv 43 Qled Full Hd Q5f 2025, Xbox Cloud Gaming, Canais Gratuitos, Hdr, Som Em Movimento Virtual",1557.0,2799.0,44,5000,4.8,https://www.mercadolivre.com.br/samsung-smart-tv-43-qled-full-hd-q5f-2025-xbox-cloud-gaming-canais-gratuitos-hdr-som-em-movimento-virtual/p/MLB63467528?pdp_filters=deal%3AMLB779362-1,https://http2.mlstatic.com/D_Q_NP_2X_612999-MLA102412809695_122025-AB.webp,"Pausa pro achadinho do dia 👇

Samsung Smart Tv 43 Qled Full Hd Q5f 2025, Xbox Cloud Gaming, Canais Gratuitos, Hdr, Som Em Movimento Virtual por R$ 1557,00 (44% OFF)

Link de compra nos comentários / bio 🔗
#achadinhos #achadinhosdoterra #promocao"
"Bicicleta Ergométrica Spinning Winnek SYNC Magnética, com Roda de Inércia 13kg e Bluetooth para App Fitshow",2023.0,3724.0,45,500,4.9,https://click1.mercadolivre.com.br/mclics/clicks/external/MLB/count?a=ikFcdQKp6LdEuR3Qn7KL0h7Or3NXfHk1CqcjOz1aVW8X%2BjlqcH7vH69%2FhM7z0KhQWMwesbHHlkzaJ%2BMvG%2Fp%2FaV3RyPCujNkupRLep9SM6ZayxQdFViq3MIOa2RTnLnMmxMfpJtR%2B92CG32ybnXOeQEaHWG%2BJaAwah81ZplhtmnNr1C%2FrJjnZtaRctML1WcoNNbJSYcscj713MThQ6h8OwEQV2DmYq%2FeE6HPUFsHhlBYB%2F7qwApgc%2BnSXaawq%2BIwauMia2CbEIKWRaYJ3j56cZVKLPYFxvgSOgGCr786YOitqKIc69x5USR0r%2B8ZRFmHHTGaBM4ie7VwG8bLU5jaP56MJKF37ELumyOGlZJ9fcj4ShKbp5FTppitCzpGCzurfmJ3Gwpzd%2BiSxKLgScl4xlv1zMXwVMW9A6ZUYTZFf8pt9CjXzKgT%2Bpo2Qc1vvCeMWYAZ%2F8oOeN27eq7KOsvOnHgWs3bHT2KVDJzqA15rOUUp6QH8cEya%2FDvWa6tBVCihTh5okat08qYcjVD7Z%2BBF2cBjZI1pe0fpwQfVcogomd1LIe20%3D&url=https%3A%2F%2Fwww.mercadolivre.com.br%2Fbicicleta-ergometrica-spinning-winnek-sync-magnetica-com-roda-de-inercia-13kg-e-bluetooth-para-app-fitshow%2Fp%2FMLB65112472%23searchVariation%3DMLB65112472%26position%3D17%26search_layout%3Dgrid%26deal_print_id%3D3b951495-6325-4893-810d-d3e0db27dbd1%26tracking_id%3Dbacc69fe-503a-45a0-bb6e-87c30ed4419c&lm=-1602213449,https://http2.mlstatic.com/D_Q_NP_2X_654810-MLA107970929851_032026-AB.webp,"Gente, olha esse preço 😳

Bicicleta Ergométrica Spinning Winnek SYNC Magnética, com Roda de Inércia 13kg e Bluetooth para App Fitshow por R$ 2023,00 (45% OFF)

Link de compra nos comentários / bio 🔗
#achadinhos #achadinhosdoterra #promocao"
VITAMINA B12 Metilcobalamina - Fórmula com Máxima Pureza e Concentração - 30 Doses,41.0,71.0,42,10000,4.9,https://www.mercadolivre.com.br/vitamina-b12-metilcobalamina-formula-com-maxima-pureza-e-concentracao-30-doses/p/MLB53926315?pdp_filters=deal%3AMLB779362-1,https://http2.mlstatic.com/D_Q_NP_2X_680174-MLA114764067791_072026-AB.webp,"Achei isso e vim correndo avisar vocês

VITAMINA B12 Metilcobalamina - Fórmula com Máxima Pureza e Concentração - 30 Doses por R$ 41,00 (42% OFF)

Link de compra nos comentários / bio 🔗
#achadinhos #achadinhosdoterra #promocao"
Smartphone Samsung Galaxy A36 5g 128gb 6gb Ram Câmera Tripla De Até 50mp Selfie De 12mp Ip67 Super Amoled 6.7'' Nfc Recursos Ai Android E Segurança Snapdragon - Preto,1289.0,2212.0,41,10000,4.9,https://www.mercadolivre.com.br/smartphone-samsung-galaxy-a36-5g-128gb-6gb-ram-camera-tripla-de-ate-50mp-selfie-de-12mp-ip67-super-amoled-67-nfc-recursos-ai-android-e-seguranca-snapdragon-preto/p/MLB65952157?pdp_filters=deal%3AMLB779362-1,https://http2.mlstatic.com/D_Q_NP_2X_944288-MLA116511342948_092026-AB.webp,"Não acreditei quando vi o preço desse aqui

Smartphone Samsung Galaxy A36 5g 128gb 6gb Ram Câmera Tripla De Até 50mp Selfie De 12mp Ip67 Super Amoled 6.7'' Nfc Recursos Ai Android E Segurança Snapdragon - Preto por R$ 1289,00 (41% OFF)

Link de compra nos comentários / bio 🔗
#achadinhos #achadinhosdoterra #promocao"
Monitor Portátil 15.6'' Tela Externa Hdr Ips 1080p Ultrafino Preto 127/220v,378.0,650.0,41,5000,4.9,https://www.mercadolivre.com.br/monitor-portatil-156-tela-externa-hdr-ips-1080p-ultrafino/up/MLBU2939238991?pdp_filters=deal%3AMLB779362-1,https://http2.mlstatic.com/D_Q_NP_2X_679072-MLB113431542820_072026-AB--monitor-portatil-156-tela-externa-hdr-ips-1080p-ultrafino.webp,"Esse aqui tá quase de graça, olha só

Monitor Portátil 15.6'' Tela Externa Hdr Ips 1080p Ultrafino Preto 127/220v por R$ 378,00 (41% OFF)

Link de compra nos comentários / bio 🔗
#achadinhos #achadinhosdoterra #promocao"
Esteira Elétrica Plana Residencial Preta Cor Preto Bluetooth Preto 127v,697.0,1199.0,41,5000,4.8,https://www.mercadolivre.com.br/esteira-eletrica-plana-residencial-preta-cor-preto-bluetooth/up/MLBU3818599259?pdp_filters=deal%3AMLB779362-1,https://http2.mlstatic.com/D_Q_NP_2X_981749-MLB110030221651_042026-AB--esteira-eletrica-plana-residencial-preta-cor-preto-bluetooth.webp,"Pausa pro achadinho do dia 👇

Esteira Elétrica Plana Residencial Preta Cor Preto Bluetooth Preto 127v por R$ 697,00 (41% OFF)

Link de compra nos comentários / bio 🔗
#achadinhos #achadinhosdoterra #promocao"
Bicicleta Elétrica Scooter Bikelete Mt2 500w Bateria 48v,3039.0,5199.0,41,500,4.6,https://produto.mercadolivre.com.br/MLB-5453920876-bicicleta-eletrica-scooter-bikelete-mt2-500w-bateria-48v-_JM?searchVariation=188591869913,https://http2.mlstatic.com/D_Q_NP_2X_958178-MLB96073656648_102025-AB-bicicleta-eletrica-scooter-bikelete-mt2-500w-bateria-48v.webp,"Gente, olha esse preço 😳

Bicicleta Elétrica Scooter Bikelete Mt2 500w Bateria 48v por R$ 3039,00 (41% OFF)

Link de compra nos comentários / bio 🔗
#achadinhos #achadinhosdoterra #promocao"
Smart Tv 43 Philco Led Roku Tv Dolby Audio Ptv43va4regb,1398.0,2289.0,38,10000,4.8,https://www.mercadolivre.com.br/smart-tv-43-philco-led-roku-tv-dolby-audio-ptv43va4regb/p/MLB43943869?pdp_filters=deal%3AMLB779362-1,https://http2.mlstatic.com/D_Q_NP_2X_904392-MLA99951959503_112025-AB.webp,"Achei isso e vim correndo avisar vocês

Smart Tv 43 Philco Led Roku Tv Dolby Audio Ptv43va4regb por R$ 1398,00 (38% OFF)

Link de compra nos comentários / bio 🔗
#achadinhos #achadinhosdoterra #promocao"
Bicicleta Bmx Aro 20 Pro-x Série 1 Aro Aero Freio V-brake Cor Preto/verde Tamanho Do Quadro 20,474.0,799.0,40,100,4.7,https://www.mercadolivre.com.br/bicicleta-bmx-aro-20-pro-x-serie-1-aro-aero-freio-v-brake-cor-pretoverde-tamanho-do-quadro-20/p/MLB69311250?pdp_filters=deal%3AMLB779362-1,https://http2.mlstatic.com/D_Q_NP_2X_934595-MLA110407607586_052026-AB.webp,"Não acreditei quando vi o preço desse aqui

Bicicleta Bmx Aro 20 Pro-x Série 1 Aro Aero Freio V-brake Cor Preto/verde Tamanho Do Quadro 20 por R$ 474,00 (40% OFF)

Link de compra nos comentários / bio 🔗
#achadinhos #achadinhosdoterra #promocao"
"Notebook Vaio Fe16 Amd Ryzen 7-5825u Linux 16gb RAM 512gb Ssd Wi-Fi 6 Tela 16"" Ips Wuxga Antirreflexo Cinza Grafite Vjfe69f11xb0121h - Permite upgrade de memória RAM e SSD",3779.0,5699.0,33,5000,4.8,https://www.mercadolivre.com.br/notebook-vaio-fe16-amd-ryzen-7-5825u-linux-16gb-ram-512gb-ssd-wi-fi-6-tela-16-ips-wuxga-antirreflexo-cinza-grafite-vjfe69f11xb0121h-permite-upgrade-de-memoria-ram-e-ssd/p/MLB46470846?pdp_filters=deal%3AMLB779362-1,https://http2.mlstatic.com/D_Q_NP_2X_954850-MLA99514927694_112025-AB.webp,"Esse aqui tá quase de graça, olha só

Notebook Vaio Fe16 Amd Ryzen 7-5825u Linux 16gb RAM 512gb Ssd Wi-Fi 6 Tela 16"" Ips Wuxga Antirreflexo Cinza Grafite Vjfe69f11xb0121h - Permite upgrade de memória RAM e SSD por R$ 3779,00 (33% OFF)

Link de compra nos comentários / bio 🔗
#achadinhos #achadinhosdoterra #promocao"
Berço Portátil Infantil Cercado Desmontável Lune Maxi Baby - CINZA,349.0,497.0,29,5000,4.9,https://click1.mercadolivre.com.br/mclics/clicks/external/MLB/count?a=TDfIxx9sO%2F30eaRMhy8Sp4rrYfw%2Bpy7NexeCMrcVRNaWoxv2UByzp2ktMwJBoAYVlujUdB61nkA1oxC1jwOPBlycEBIHRtYZrNRG1SeGjlucOag8LecD%2BPKM9XChuBHaGS6Y69YGM0trNsalxZYmZxtZLFpYdDWHDPPnKASS5%2FEt79EgOGeISRDLf97IEMlqVG8JQulFCIBziXXc4HqjGe9O6ngybEnMgUzQTovA6oEdrb0YlImFSEbjiiT5tyk7lLDsd1YwshPbzaeQXvX9HH3G668RUu5O6caUwA6AienX9Rl3PWE2j4ZbNQlv2SSZ1AvrDsrVjMlOtF7sKSRXbyM6mRbKDp%2BAoWHbSnXdEtaCC8BGH%2B5qZL4btWQxgF07QTUNQ38tjiCdyyiewLxvwacx5HUq%2FXIffpf19xZlcf02ld1TLRwG7iz0HTbTS%2B8kO%2BcOm3U92466UOcY%2BbRpxhSk35Yt2%2B0Gs1Lm1gzlPq4Bh7GzIx3GN93bOBVuNwo7o%2BeTNl02ZZmCMWZRz1prbdiahVxCadu70wyH&url=https%3A%2F%2Fwww.mercadolivre.com.br%2Fberco-portatil-infantil-cercado-desmontavel-lune-maxi-baby-cinza%2Fp%2FMLB54207427%23searchVariation%3DMLB54207427%26position%3D18%26search_layout%3Dgrid%26deal_print_id%3D3b951495-6325-4893-810d-d3e0db27dbd1%26tracking_id%3Dbacc69fe-503a-45a0-bb6e-87c30ed4419c&lm=926717147,https://http2.mlstatic.com/D_Q_NP_2X_865878-MLA95693182272_102025-AB.webp,"Pausa pro achadinho do dia 👇

Berço Portátil Infantil Cercado Desmontável Lune Maxi Baby - CINZA por R$ 349,00 (29% OFF)

Link de compra nos comentários / bio 🔗
#achadinhos #achadinhosdoterra #promocao"
Tênis adidas Adizero Drive Rc Corrida Meia Maratona 21km Preto 42 Br,630.0,899.0,29,0,,https://www.mercadolivre.com.br/tenis-adidas-adizero-drive-rc-corrida-meia-maratona-21km/up/MLBU5320485663?pdp_filters=deal%3AMLB779362-1,https://http2.mlstatic.com/D_Q_NP_2X_821141-MLB118526533213_092026-AB--tenis-adidas-adizero-drive-rc-corrida-meia-maratona-21km.webp,"Gente, olha esse preço 😳

Tênis adidas Adizero Drive Rc Corrida Meia Maratona 21km Preto 42 Br por R$ 630,00 (29% OFF)

Link de compra nos comentários / bio 🔗
#achadinhos #achadinhosdoterra #promocao"
Tv Stick 4k Android Chromecast Smart Hdmi Wifi Ao Vivo Preto Padrão,159.0,209.0,23,10000,4.3,https://www.mercadolivre.com.br/tv-stick-4k-android-chromecast-smart-hdmi-wifi-ao-vivo-preto-padrao/p/MLB66140783?pdp_filters=deal%3AMLB779362-1,https://http2.mlstatic.com/D_Q_NP_2X_928830-MLA115777838275_082026-AB.webp,"Achei isso e vim correndo avisar vocês

Tv Stick 4k Android Chromecast Smart Hdmi Wifi Ao Vivo Preto Padrão por R$ 159,00 (23% OFF)

Link de compra nos comentários / bio 🔗
#achadinhos #achadinhosdoterra #promocao"
Perfume Club De Nuit Intense Da Armaf Edt 105ml Masculino,208.0,265.0,21,10000,4.8,https://www.mercadolivre.com.br/perfume-club-de-nuit-intense-da-armaf-edt-105ml-masculino/up/MLBU3782392794?pdp_filters=deal%3AMLB779362-1,https://http2.mlstatic.com/D_Q_NP_2X_887864-MLB108264754941_032026-AB--perfume-club-de-nuit-intense-da-armaf-edt-105ml-masculino.webp,"Não acreditei quando vi o preço desse aqui

Perfume Club De Nuit Intense Da Armaf Edt 105ml Masculino por R$ 208,00 (21% OFF)

Link de compra nos comentários / bio 🔗
#achadinhos #achadinhosdoterra #promocao"
Câmera Inteligente Resistente a Chuva e Poeira iM7 S Branca Intelbras,284.0,359.0,20,10000,4.8,https://www.mercadolivre.com.br/camera-inteligente-resistente-a-chuva-e-poeira-im7-s-branca-intelbras/p/MLB40230034?pdp_filters=deal%3AMLB779362-1,https://http2.mlstatic.com/D_Q_NP_2X_741082-MLA99876823617_112025-AB.webp,"Esse aqui tá quase de graça, olha só

Câmera Inteligente Resistente a Chuva e Poeira iM7 S Branca Intelbras por R$ 284,00 (20% OFF)

Link de compra nos comentários / bio 🔗
#achadinhos #achadinhosdoterra #promocao"
Ar Split Agratto Zen 9.000 Btus Frio Inverter 220v Branco 220v,1599.0,2029.0,21,500,4.9,https://www.mercadolivre.com.br/ar-split-agratto-zen-9000-btus-frio-inverter-220v/up/MLBU3805011504?pdp_filters=deal%3AMLB779362-1,https://http2.mlstatic.com/D_Q_NP_2X_813018-MLB107415580469_022026-AB--ar-split-agratto-zen-9000-btus-frio-inverter-220v.webp,"Pausa pro achadinho do dia 👇

Ar Split Agratto Zen 9.000 Btus Frio Inverter 220v Branco 220v por R$ 1599,00 (21% OFF)

Link de compra nos comentários / bio 🔗
#achadinhos #achadinhosdoterra #promocao"
Micro-ondas Consul 23 Litros Função Marmita - CMS23A,474.0,589.0,19,5000,4.9,https://www.mercadolivre.com.br/micro-ondas-consul-23-litros-funcao-marmita-cms23a/p/MLB69355197?pdp_filters=deal%3AMLB779362-1,https://http2.mlstatic.com/D_Q_NP_2X_900951-MLA111411846003_052026-AB.webp,"Gente, olha esse preço 😳

Micro-ondas Consul 23 Litros Função Marmita - CMS23A por R$ 474,00 (19% OFF)

Link de compra nos comentários / bio 🔗
#achadinhos #achadinhosdoterra #promocao"
Micro-ondas Consul 23 Litros Função Marmita - CMS23A,474.0,589.0,19,5000,4.9,https://www.mercadolivre.com.br/micro-ondas-consul-23-litros-funcao-marmita-cms23a/p/MLB69345065?pdp_filters=deal%3AMLB779362-1,https://http2.mlstatic.com/D_Q_NP_2X_894054-MLA110468601326_052026-AB.webp,"Achei isso e vim correndo avisar vocês

Micro-ondas Consul 23 Litros Função Marmita - CMS23A por R$ 474,00 (19% OFF)

Link de compra nos comentários / bio 🔗
#achadinhos #achadinhosdoterra #promocao"
Caixa Amarela Dispenser Copa Do Mundo 2026 - 100 Envelopes,199.0,249.0,20,0,,https://www.mercadolivre.com.br/caixa-amarela-dispenser-copa-do-mundo-2026--100-envelopes/up/MLBU5303271644?pdp_filters=deal%3AMLB779362-1,https://http2.mlstatic.com/D_Q_NP_2X_862736-MLB118192944101_092026-AB--caixa-amarela-dispenser-copa-do-mundo-2026--100-envelopes.webp,"Não acreditei quando vi o preço desse aqui

Caixa Amarela Dispenser Copa Do Mundo 2026 - 100 Envelopes por R$ 199,00 (20% OFF)

Link de compra nos comentários / bio 🔗
#achadinhos #achadinhosdoterra #promocao"
Cafeína Caffeine Army Supercoffee Classic Size em pó sabor Doce de leite x 380g,185.0,216.0,14,10000,4.9,https://click1.mercadolivre.com.br/mclics/clicks/external/MLB/count?a=cPYcouGwOw3QFGVORt5aZkV8JpIuj%2BFNNgV3SmDW2%2Fa0kiAQEfcpD%2BIhBDdk3CcsYueXCcNlXgiF2mTn5OQ%2BPRv%2BhctyYyb3CGBn%2FoSfroLkYEjniAMHQ4acY0B1Vyobn%2FDqOoLAPA%2FdDv18XZk6O%2BIwDTVI%2FX8VBDnLNd8uFZGqxjDVFh58AHJG9w6IXrHGlOBJwI0k1JvqT9OxkZCuYzbtFx6fgdWM%2Bb3mpE2NsxpLt7aJ1dP%2BhwUVseqnI%2B9benb1h7oJtx4nky5F35An7xcdFcI1%2FtYEqvNAuMPHx3%2FWj0X7hRg%2BIYrcVnH%2BiJu29iGW67TepmbIWhq%2ByD5ucC%2FhGDX36CQqUvr90kZr%2FZUhEn68Oas2b%2FhRCbCuO5jVis4yTe9u%2BptIimI%2FPKOXL6c0oiFaM7XMN05QOBxRg81OIoCDWeqICU7SmgUNpYf3J4W9Nmp9fiGK%2FLdptpqgM6cox4Fs155fHs9venxeYdjw%2FGopMbtlmWyH67drDc%2BXwiA5Zv7b0DLzRFSuwQ6GBpv7CGsL8RGDmMnIXweg&url=https%3A%2F%2Fwww.mercadolivre.com.br%2Fcafeina-caffeine-army-supercoffee-classic-size-em-po-sabor-doce-de-leite-x-380g%2Fp%2FMLB51758944%23searchVariation%3DMLB51758944%26position%3D16%26search_layout%3Dgrid%26deal_print_id%3D3b951495-6325-4893-810d-d3e0db27dbd1%26tracking_id%3Dbacc69fe-503a-45a0-bb6e-87c30ed4419c&lm=-369394796,https://http2.mlstatic.com/D_Q_NP_2X_831746-MLA113890063188_072026-AB.webp,"Esse aqui tá quase de graça, olha só

Cafeína Caffeine Army Supercoffee Classic Size em pó sabor Doce de leite x 380g por R$ 185,00 (14% OFF)

Link de compra nos comentários / bio 🔗
#achadinhos #achadinhosdoterra #promocao"
