titulo,preco_atual,preco_anterior,desconto_pct,vendidos,avaliacao,link,imagem,legenda_sugerida
Percarbonato 100% Puro Tira Manchas Roupas Brancas e Coloridas,17.90,59.67,70,400000,,https://s.shopee.com.br/905RU0QDdj,https://down-zl-br.img.susercontent.com/br-11134207-820lm-mohh8j4tjpc0e3.webp,"Gente, olha esse preço 😳

Percarbonato 100% Puro Tira Manchas Roupas Brancas e Coloridas por R$ 17,90 (70% OFF)

Comenta aqui embaixo que a gente te manda o link! 🔗
#achadinhos #achadinhosdoterra #promocao"
Utensílios Silicone Cozinha Antiaderente Fácil Limpeza Alta Resistência,18.61,88.62,79,2000,,https://s.shopee.com.br/1AclV6brx,https://down-zl-br.img.susercontent.com/br-11134207-820me-mneaqb9op8n481.webp,"Achei isso e vim correndo avisar vocês

Utensílios Silicone Cozinha Antiaderente Fácil Limpeza Alta Resistência por R$ 18,61 (79% OFF)

Comenta aqui embaixo que a gente te manda o link! 🔗
#achadinhos #achadinhosdoterra #promocao"
Kits de Meias Soquete Unissex Premium Masculina e Feminina,10.99,10.99,0,10000,,https://s.shopee.com.br/9V1i4wbJgL,https://down-zl-br.img.susercontent.com/br-11134207-820lq-mlhna1a2xeys44.webp,"Não acreditei quando vi o preço desse aqui

Kits de Meias Soquete Unissex Premium Masculina e Feminina por R$ 10,99

Comenta aqui embaixo que a gente te manda o link! 🔗
#achadinhos #achadinhosdoterra #promocao"
