titulo,preco_atual,preco_anterior,desconto_pct,link_afiliado,imagens,video_url,legenda_sugerida
Percarbonato 100% Puro Tira Manchas Roupas Brancas e Coloridas,17.90,59.67,70,https://s.shopee.com.br/905RU0QDdj,https://down-zl-br.img.susercontent.com/br-11134207-820lm-mohh8j4tjpc0e3.webp,,"Gente, olha esse preço 😳

Percarbonato 100% Puro Tira Manchas Roupas Brancas e Coloridas por R$ 17,90 (70% OFF)

🔗 Link na bio!
#achadinhos #achadinhosdoterra #promocao"
Utensílios Silicone Cozinha Antiaderente Fácil Limpeza Alta Resistência,18.61,88.62,79,https://s.shopee.com.br/1AclV6brx,https://down-zl-br.img.susercontent.com/br-11134207-820me-mneaqb9op8n481.webp,,"Achei isso e vim correndo avisar vocês

Utensílios Silicone Cozinha Antiaderente Fácil Limpeza Alta Resistência por R$ 18,61 (79% OFF)

🔗 Link na bio!
#achadinhos #achadinhosdoterra #promocao"
Kits de Meias Soquete Unissex Premium Masculina e Feminina,10.99,10.99,0,https://s.shopee.com.br/9V1i4wbJgL,https://down-zl-br.img.susercontent.com/br-11134207-820lq-mlhna1a2xeys44.webp,,"Não acreditei quando vi o preço desse aqui

Kits de Meias Soquete Unissex Premium Masculina e Feminina por R$ 10,99

🔗 Link na bio!
#achadinhos #achadinhosdoterra #promocao"
Carregador Portátil Mini Power Bank 10000mAh Com 02 Saídas Tipo-C / Lightning,31.99,31.99,0,https://s.shopee.com.br/6VO80pWOJJ,https://down-br.img.susercontent.com/file/sg-11134201-81zvk-mik9ovwbhszk62|https://down-br.img.susercontent.com/file/sg-11134201-81ztg-mik9ouc1hzpc84|https://down-br.img.susercontent.com/file/sg-11134201-81zvc-mik9oy1x22v79e|https://down-br.img.susercontent.com/file/sg-11134201-81ztt-mik9p0b3kt8g72,,"Esse aqui tá quase de graça, olha só

Carregador Portátil Mini Power Bank 10000mAh Com 02 Saídas Tipo-C / Lightning por R$ 31,99

🔗 Link na bio!
#achadinhos #achadinhosdoterra #promocao"
"Caixa de Som Bluetooth Portátil Com Led RGB FM USB TWS 30W Para Praia, Festa ou Viagem",99.99,99.99,0,https://s.shopee.com.br/1AeGsv8VX,https://down-br.img.susercontent.com/file/br-11134207-7r98o-lqo1mmf95gcjc2|https://down-br.img.susercontent.com/file/br-11134207-7r98o-lqo1mmf9kwf31c|https://down-br.img.susercontent.com/file/br-11134207-7r98o-lqo1mmf95g673c|https://down-br.img.susercontent.com/file/br-11134207-7r98o-ltfpixidhx4ve3,,"Pausa pro achadinho do dia 👇

Caixa de Som Bluetooth Portátil Com Led RGB FM USB TWS 30W Para Praia, Festa ou Viagem por R$ 99,99

🔗 Link na bio!
#achadinhos #achadinhosdoterra #promocao"
Fone de Ouvido Sem Fio Com Cancelamento de Ruído Bluetooth Pop-Up,59.99,59.99,0,https://s.shopee.com.br/1gIsFwon6e,https://down-br.img.susercontent.com/file/sg-11134201-7rffm-m4f5wo6pi7mjaa|https://down-br.img.susercontent.com/file/sg-11134201-7rfgq-m4f5wr636fsz75|https://down-br.img.susercontent.com/file/sg-11134201-7rfgt-m4f5wt9a322p9a|https://down-br.img.susercontent.com/file/sg-11134201-7rfhm-m4f5wv4pccg4fd,,"Gente, olha esse preço 😳

Fone de Ouvido Sem Fio Com Cancelamento de Ruído Bluetooth Pop-Up por R$ 59,99

🔗 Link na bio!
#achadinhos #achadinhosdoterra #promocao"
"Massageador de Pescoço e Ombros Portátil 3D Com Calor, Relaxante",113.99,113.99,0,https://s.shopee.com.br/gQL46sb9j,https://down-br.img.susercontent.com/file/br-11134207-820mb-mps6km6k5xc1fc|https://down-br.img.susercontent.com/file/br-11134207-820lr-mps3ovkbiq691c|https://down-br.img.susercontent.com/file/br-11134207-820lo-mps3ovkbhblt8e|https://down-br.img.susercontent.com/file/br-11134207-820ls-mps3ovkbr5kxfa,,"Achei isso e vim correndo avisar vocês

Massageador de Pescoço e Ombros Portátil 3D Com Calor, Relaxante por R$ 113,99

🔗 Link na bio!
#achadinhos #achadinhosdoterra #promocao"
Relógio Smartwatch T800 Ultra 2 Max Esportivo Sem Fio à Prova D'água,45.88,45.88,0,https://s.shopee.com.br/2gBPRmkz5n,https://down-br.img.susercontent.com/file/sg-11110106-7rdvr-lxrzf9vpd5pi3c|https://down-br.img.susercontent.com/file/sg-11134201-7rdym-lxrzfhio6fhl9d|https://down-br.img.susercontent.com/file/sg-11134201-7rdvf-lxrzfimcn688b1|https://down-br.img.susercontent.com/file/sg-11134201-7rdwk-lxrzfjgvbp1m29|https://down-br.img.susercontent.com/file/sg-11134201-7rdyp-lxrzfk1ok1i723,,"Não acreditei quando vi o preço desse aqui

Relógio Smartwatch T800 Ultra 2 Max Esportivo Sem Fio à Prova D'água por R$ 45,88

🔗 Link na bio!
#achadinhos #achadinhosdoterra #promocao"
Guarda-Chuva Automático Alta Resistência a Chuva e Vento Forte Com Proteção UV,26.99,26.99,0,https://s.shopee.com.br/qjlGPrxok,https://down-br.img.susercontent.com/file/br-11134207-7r98o-md27szddhb8ye6|https://down-br.img.susercontent.com/file/br-11134207-7r98o-md27szddk4dubb|https://down-br.img.susercontent.com/file/sg-11134201-7rfgm-m9qj7k9a6y5894|https://down-br.img.susercontent.com/file/br-11134207-7r98o-md4qrhrkvdoh42,,"Esse aqui tá quase de graça, olha só

Guarda-Chuva Automático Alta Resistência a Chuva e Vento Forte Com Proteção UV por R$ 26,99

🔗 Link na bio!
#achadinhos #achadinhosdoterra #promocao"
Protetor De Sapato Impermeável De Silicone Capa de Chuva Para Tênis,11.90,11.90,0,https://s.shopee.com.br/9peZyxJhXV,https://down-br.img.susercontent.com/file/br-11134207-7r98o-m4cwg1jdhpv913|https://down-br.img.susercontent.com/file/br-11134207-7r98o-m4cwg1jddi5x8b|https://down-br.img.susercontent.com/file/br-11134207-7r98o-m4cwg1jdewqdc5|https://down-br.img.susercontent.com/file/br-11134207-7r98o-m4cwg1jdgbatf0,,"Achei isso e vim correndo avisar vocês

Protetor De Sapato Impermeável De Silicone Capa de Chuva Para Tênis por R$ 11,90

🔗 Link na bio!
#achadinhos #achadinhosdoterra #promocao"
Caixinha De Som Bluetooth Potente Pendrive FM SD Portátil IPX6,61.90,61.90,0,https://s.shopee.com.br/6q0yPRV7dD,https://down-br.img.susercontent.com/file/br-11134207-820m9-mm9qmldg6rcw4b|https://down-br.img.susercontent.com/file/br-11134207-820m9-mm9qmldg3y80b7|https://down-br.img.susercontent.com/file/br-11134207-820lo-mm9qmldg5csg23|https://down-br.img.susercontent.com/file/br-11134207-820mb-mm9qmldg15349c,,"Não acreditei quando vi o preço desse aqui

Caixinha De Som Bluetooth Potente Pendrive FM SD Portátil IPX6 por R$ 61,90

🔗 Link na bio!
#achadinhos #achadinhosdoterra #promocao"
Kit Umidificador Atomizador De Ar Doméstico Portátil + 3 Essências,27.97,27.97,0,https://s.shopee.com.br/80CvnaQgHL,https://down-br.img.susercontent.com/file/br-11134207-81z1k-mgx339aj3apz5e|https://down-br.img.susercontent.com/file/br-11134207-820le-mnnokn0jj56oa8|https://down-br.img.susercontent.com/file/br-11134207-81z1k-mgx339aj63uv25|https://down-br.img.susercontent.com/file/br-11134207-81z1k-mgx339ajabk74b,,"Esse aqui tá quase de graça, olha só

Kit Umidificador Atomizador De Ar Doméstico Portátil + 3 Essências por R$ 27,97

🔗 Link na bio!
#achadinhos #achadinhosdoterra #promocao"
Escova Onda Finalizadora Beauty Flash Definição de Cachos Cabelo Cacheado,9.90,9.90,0,https://s.shopee.com.br/3qNMpvgXj2,https://down-br.img.susercontent.com/file/sg-11134201-823o9-mp9h7x6ownpod1|https://down-br.img.susercontent.com/file/br-11134207-820ll-mp8e4c9vcnb787|https://down-br.img.susercontent.com/file/br-11134207-820lj-mp8e4c9ve1vnf1|https://down-br.img.susercontent.com/file/br-11134207-820l5-mmkgaew9bwucf8,,"Pausa pro achadinho do dia 👇

Escova Onda Finalizadora Beauty Flash Definição de Cachos Cabelo Cacheado por R$ 9,90

🔗 Link na bio!
#achadinhos #achadinhosdoterra #promocao"
Bota Coturno Masculino Adventure De Qualidade e Barato,49.80,49.80,0,https://s.shopee.com.br/AKaqZsHnWe,https://down-br.img.susercontent.com/file/br-11134207-820m5-mruiyl52jax3b4|https://down-br.img.susercontent.com/file/br-11134207-820me-mruiyl59tybqe3|https://down-br.img.susercontent.com/file/br-11134207-820l9-mruiyl52kphj25|https://down-br.img.susercontent.com/file/br-11134207-820l8-mruiyl59vcw602,,"Gente, olha esse preço 😳

Bota Coturno Masculino Adventure De Qualidade e Barato por R$ 49,80

🔗 Link na bio!
#achadinhos #achadinhosdoterra #promocao"
Brinquedo Inteligente Recarregável para Gatos com Bola Automática,10.50,10.50,0,https://s.shopee.com.br/2gBPRmkz4k,https://down-br.img.susercontent.com/file/sg-11134201-81zuo-mms7khm4mxol83|https://down-br.img.susercontent.com/file/br-11134201-820ln-mr6awdx0qryff3|https://down-br.img.susercontent.com/file/sg-11134201-81zwo-mms7khkxsm4ha7|https://down-br.img.susercontent.com/file/sg-11134201-81zud-mms7khhy3sao8c,,"Achei isso e vim correndo avisar vocês

Brinquedo Inteligente Recarregável para Gatos com Bola Automática por R$ 10,50

🔗 Link na bio!
#achadinhos #achadinhosdoterra #promocao"
Palmilha Ortopédica Em Gel PU Anatômica,14.90,14.90,0,https://s.shopee.com.br/3VkWRJhoP0,https://down-br.img.susercontent.com/file/br-11134207-820me-mp7a5ik69wqr3d|https://down-br.img.susercontent.com/file/br-11134207-820li-mp7a5ik6bbb798|https://down-br.img.susercontent.com/file/br-11134207-820l5-mp7a5ikcd1c1a7|https://down-br.img.susercontent.com/file/br-11134207-820ll-mp7a5ik9ihvk17,,"Não acreditei quando vi o preço desse aqui

Palmilha Ortopédica Em Gel PU Anatômica por R$ 14,90

🔗 Link na bio!
#achadinhos #achadinhosdoterra #promocao"
Chinelo Masculino Adulto Confortável Leve e Antiderrapante,17.90,17.90,0,https://s.shopee.com.br/3B7g2hj53p,https://down-br.img.susercontent.com/file/br-11134207-820ln-mrk7zzwvjs3qa8|https://down-br.img.susercontent.com/file/br-11134207-820lf-mrk7zzwvl6o64a|https://down-br.img.susercontent.com/file/br-11134207-820m3-mrk7zzwvml8m00|https://down-br.img.susercontent.com/file/br-11134207-820mb-mrk7zzwvnzt204,,"Esse aqui tá quase de graça, olha só

Chinelo Masculino Adulto Confortável Leve e Antiderrapante por R$ 17,90

🔗 Link na bio!
#achadinhos #achadinhosdoterra #promocao"
Kit Clareador Facial Sabonete Líquido + Protetor Solar + Sérum Multicorretivo,79.90,79.90,0,https://s.shopee.com.br/9KiJO2LbYQ,https://down-br.img.susercontent.com/file/br-11134207-820lx-mt45q21kcvt09d|https://down-br.img.susercontent.com/file/br-11134207-820ma-mr0fpxzxbz7r97|https://down-br.img.susercontent.com/file/br-11134207-820mf-mr0fpxzxdds7c7|https://down-br.img.susercontent.com/file/br-11134207-820lz-mr0fpxzxj01z6e,,"Pausa pro achadinho do dia 👇

Kit Clareador Facial Sabonete Líquido + Protetor Solar + Sérum Multicorretivo por R$ 79,90

🔗 Link na bio!
#achadinhos #achadinhosdoterra #promocao"
Kit de Óleo Capilar Cronograma Terapia Capilar 100% Natural,15.92,15.92,0,https://s.shopee.com.br/9fL9meKKtV,https://down-br.img.susercontent.com/file/sg-11134201-8261a-mju5i9fj3cavbe|https://down-br.img.susercontent.com/file/sg-11134201-82629-mju5iahvx1c59b|https://down-br.img.susercontent.com/file/sg-11134201-82626-mju5ibhvzrb675|https://down-br.img.susercontent.com/file/sg-11134201-8260d-mju5icmkxtl1f1,,"Gente, olha esse preço 😳

Kit de Óleo Capilar Cronograma Terapia Capilar 100% Natural por R$ 15,92

🔗 Link na bio!
#achadinhos #achadinhosdoterra #promocao"
Kit Presilhas de Cabelo Estrela Coloridas Sortidas,10.00,10.00,0,https://s.shopee.com.br/3VkWRJhoNz,https://down-br.img.susercontent.com/file/br-11134207-820mh-mpxpl22c3y825b|https://down-br.img.susercontent.com/file/br-11134207-820m0-mpxp0eyuokjme3|https://down-br.img.susercontent.com/file/br-11134201-820me-mr8qwmew6d52a1|https://down-br.img.susercontent.com/file/br-11134207-820m2-mpxp0eyuhjped7|https://down-br.img.susercontent.com/file/br-11134207-820ly-mpxp0eyuiy9udb,,"Gente, olha esse preço 😳

Kit Presilhas de Cabelo Estrela Coloridas Sortidas por R$ 10,00

🔗 Link na bio!
#achadinhos #achadinhosdoterra #promocao"
Tenis Masculino Escolar Academia Corrida FREEDOM,44.99,44.99,0,https://s.shopee.com.br/BU4TBuV9X,https://down-br.img.susercontent.com/file/br-11134207-820lu-mp1812w1byf511|https://down-br.img.susercontent.com/file/br-11134207-820li-mp1812w195a92b|https://down-br.img.susercontent.com/file/br-11134207-820mf-mp1812w1ajupa9|https://down-br.img.susercontent.com/file/br-11134207-820mg-mp1812w9lqtia9|https://down-br.img.susercontent.com/file/br-11134207-820l9-mp1812w9n5dy97,,"Achei isso e vim correndo avisar vocês

Tenis Masculino Escolar Academia Corrida FREEDOM por R$ 44,99

🔗 Link na bio!
#achadinhos #achadinhosdoterra #promocao"
Fone M10 De Ouvido Bluetooth 5.3 Sem Fio TWS Estéreo,19.58,19.58,0,https://s.shopee.com.br/2LYZ3AmFkq,https://down-br.img.susercontent.com/file/sg-11134201-7rbmz-lq1dfgzpquiv74|https://down-br.img.susercontent.com/file/br-11134207-7r98o-m65nvnc2jik29f|https://down-br.img.susercontent.com/file/br-11134207-7r98o-m65nvnc2jihca3|https://down-br.img.susercontent.com/file/br-11134207-7r98o-m65nvnc2yydh39,https://down-ws-br.vod.susercontent.com/api/v4/11110105/mms/br-11110105-6kfkr-m65nwhs1znut6f.16000081739376592.mp4,"Não acreditei quando vi o preço desse aqui

Fone M10 De Ouvido Bluetooth 5.3 Sem Fio TWS Estéreo por R$ 19,58

🔗 Link na bio!
#achadinhos #achadinhosdoterra #promocao"
Fone Bluetooth TWS Esportivo Gancho Auricular Anti-Queda,22.88,22.88,0,https://s.shopee.com.br/LnUfUtroW,https://down-br.img.susercontent.com/file/sg-11134201-823rb-moxh073s5nv32a|https://down-br.img.susercontent.com/file/sg-11134201-82589-mg4lda8b045m11|https://down-br.img.susercontent.com/file/sg-11134201-82592-mg4ygo38ho248b|https://down-br.img.susercontent.com/file/sg-11134201-8258e-mg4ldc5x5q1af4,,"Esse aqui tá quase de graça, olha só

Fone Bluetooth TWS Esportivo Gancho Auricular Anti-Queda por R$ 22,88

🔗 Link na bio!
#achadinhos #achadinhosdoterra #promocao"
Kit até 10 Cuecas Boxer de Microfibra Conforto,19.99,19.99,0,https://s.shopee.com.br/60RrPuYIKE,https://down-br.img.susercontent.com/file/sg-11134201-8259t-mr1js4zzobnp45|https://down-br.img.susercontent.com/file/sg-11134201-8257u-mr1js4dibf9ge8|https://down-br.img.susercontent.com/file/sg-11134201-8258x-mr1js49xttl8f9|https://down-br.img.susercontent.com/file/sg-11134201-82585-mr1js4doei9we6|https://down-br.img.susercontent.com/file/sg-11134201-825bd-mr1js4dxt14yb6,,"Pausa pro achadinho do dia 👇

Kit até 10 Cuecas Boxer de Microfibra Conforto por R$ 19,99

🔗 Link na bio!
#achadinhos #achadinhosdoterra #promocao"
Aparador Feminino 4 Em 1 Recarregável USB Depilador,34.50,34.50,0,https://s.shopee.com.br/1BMbf1qh8m,https://down-br.img.susercontent.com/file/br-11134207-820la-moy94uiglu6862|https://down-br.img.susercontent.com/file/br-11134207-820ls-moy94uigkflsda|https://down-br.img.susercontent.com/file/br-11134207-820m8-moy94uigg7wgc1|https://down-br.img.susercontent.com/file/br-11134207-820lr-moy2taaqwuf923,,"Gente, olha esse preço 😳

Aparador Feminino 4 Em 1 Recarregável USB Depilador por R$ 34,50

🔗 Link na bio!
#achadinhos #achadinhosdoterra #promocao"
Fone de Ouvido Bluetooth J760 Cancelamento de Ruído Conforto,40.98,40.98,0,https://s.shopee.com.br/9zy0BGJ4Cc,https://down-br.img.susercontent.com/file/br-11134207-820lu-mptow8qv0ideee|https://down-br.img.susercontent.com/file/br-11134207-820mh-mt8n1uzu0tmr7e|https://down-br.img.susercontent.com/file/br-11134207-820ly-mpp6xlek5hj6f9|https://down-br.img.susercontent.com/file/br-11134207-820lj-mpp6xlekgq2qa8,,"Achei isso e vim correndo avisar vocês

Fone de Ouvido Bluetooth J760 Cancelamento de Ruído Conforto por R$ 40,98

🔗 Link na bio!
#achadinhos #achadinhosdoterra #promocao"
Óleo Capilar Superpoderoso Cresce e Acontece 7ml Forever Liss,9.90,9.90,0,https://s.shopee.com.br/8AWLztQ2vL,https://down-br.img.susercontent.com/file/sg-11134201-822zh-mibq0gk00b2b02|https://down-br.img.susercontent.com/file/br-11134207-81z1k-mibwmld5t4au13|https://down-br.img.susercontent.com/file/br-11134207-81z1k-mibwmld5rpqeaf,,"Não acreditei quando vi o preço desse aqui

Óleo Capilar Superpoderoso Cresce e Acontece 7ml Forever Liss por R$ 9,90

🔗 Link na bio!
#achadinhos #achadinhosdoterra #promocao"
Tênis Feminino Esportivo Leve e Macio Academia Corrida,29.00,29.00,0,https://s.shopee.com.br/30oFqOjiPp,https://down-br.img.susercontent.com/file/br-11134207-7r98o-m5tyxgjeaxz9d5|https://down-br.img.susercontent.com/file/br-11134207-7r98o-m5typq9ta1cgac|https://down-br.img.susercontent.com/file/br-11134207-7r98o-m5typqbr773mb1|https://down-br.img.susercontent.com/file/br-11134207-7r98o-m5typqan8t5165|https://down-br.img.susercontent.com/file/br-11134207-7r98o-m5tzkme9tj1uc7,,"Esse aqui tá quase de graça, olha só

Tênis Feminino Esportivo Leve e Macio Academia Corrida por R$ 29,00

🔗 Link na bio!
#achadinhos #achadinhosdoterra #promocao"
Conjunto Academia Calça e Top Bicolor Fitness Suplex Premium,89.00,89.00,0,https://s.shopee.com.br/2VrzFTlcQu,https://down-br.img.susercontent.com/file/br-11134207-820l6-ms8jweppy9z824|https://down-br.img.susercontent.com/file/br-11134207-820lq-ms4pbliao1l290|https://down-br.img.susercontent.com/file/br-11134207-820lo-ms4pblif6zglce|https://down-br.img.susercontent.com/file/br-11134207-820lh-mmpei1xereh37d,,"Pausa pro achadinho do dia 👇

Conjunto Academia Calça e Top Bicolor Fitness Suplex Premium por R$ 89,00

🔗 Link na bio!
#achadinhos #achadinhosdoterra #promocao"
Caneta de Sobrancelha Fio a Fio 4 Pontas Microblading,9.99,9.99,0,https://s.shopee.com.br/1Lg1rKq3nf,https://down-br.img.susercontent.com/file/br-11134211-820l8-ms8njpxdznrb76|https://down-br.img.susercontent.com/file/br-11134207-820l6-mtjq99urqo77c0|https://down-br.img.susercontent.com/file/br-11134207-820lg-mtjq99ux0bnk3f|https://down-br.img.susercontent.com/file/br-11134211-820lj-ms8njpxe2gw790,,"Gente, olha esse preço 😳

Caneta de Sobrancelha Fio a Fio 4 Pontas Microblading por R$ 9,99

🔗 Link na bio!
#achadinhos #achadinhosdoterra #promocao"
Kit 2 Escova Dental Elétrica Sonic X-3 USB Vibração Ultra-Sônica,20.70,20.70,0,https://s.shopee.com.br/AAHQNZIQsg,https://down-br.img.susercontent.com/file/br-11134207-820lg-mnnbdi1v7qbm01|https://down-br.img.susercontent.com/file/br-11134207-820l7-mnnbdi1v94w247,,"Achei isso e vim correndo avisar vocês

Kit 2 Escova Dental Elétrica Sonic X-3 USB Vibração Ultra-Sônica por R$ 20,70

🔗 Link na bio!
#achadinhos #achadinhosdoterra #promocao"
Squishies De Bolinho Caixa De Brilho Alívio de Estresse,22.99,22.99,0,https://s.shopee.com.br/3LR6F0iRjz,https://down-br.img.susercontent.com/file/sg-11134201-825an-mqy4oj2pds021d|https://down-br.img.susercontent.com/file/sg-11134201-8257v-mqy4oj7b670mff|https://down-br.img.susercontent.com/file/sg-11134201-825av-mqy4ok4prdvq62|https://down-br.img.susercontent.com/file/sg-11134201-8258i-mqy4ojcwwcnb7b|https://down-br.img.susercontent.com/file/sg-11134201-82585-mqy4oj80ouf693,,"Não acreditei quando vi o preço desse aqui

Squishies De Bolinho Caixa De Brilho Alívio de Estresse por R$ 22,99

🔗 Link na bio!
#achadinhos #achadinhosdoterra #promocao"
NIVEA Loção Hidratante Milk Pele Seca a Extrasseca 200ml,14.99,14.99,0,https://s.shopee.com.br/BU4TBuVAY,https://down-br.img.susercontent.com/file/52b99323fe0cc88c9d9010aed860da9b|https://down-br.img.susercontent.com/file/br-11134207-81z1k-me4gwcfq61oge8|https://down-br.img.susercontent.com/file/br-11134207-7r98o-md5zkjyk7oky1d|https://down-br.img.susercontent.com/file/br-11134207-7r98o-md5zkjykbwaaa8|https://down-br.img.susercontent.com/file/br-11134207-7r98o-md5zkjyk935e75,,"Esse aqui tá quase de graça, olha só

NIVEA Loção Hidratante Milk Pele Seca a Extrasseca 200ml por R$ 14,99

🔗 Link na bio!
#achadinhos #achadinhosdoterra #promocao"
Creme Hidratante Anti-Idade SIMU | Reduz Rugas e Linhas Finas | Rejuvenescimento Facial,23.99,23.99,0,https://s.shopee.com.br/30oFqOjiOm,https://down-br.img.susercontent.com/file/sg-11134201-825ak-mfvhq6ulm1vs15|https://down-br.img.susercontent.com/file/sg-11134201-82598-mfvhq7a4074a2a|https://down-br.img.susercontent.com/file/sg-11134201-8258q-mfvhq7q1qf488d|https://down-br.img.susercontent.com/file/sg-11134201-8258t-mfvhq84v6zgp9a,,"Achei isso e vim correndo avisar vocês

Creme Hidratante Anti-Idade SIMU | Reduz Rugas e Linhas Finas | Rejuvenescimento Facial por R$ 23,99

🔗 Link na bio!
#achadinhos #achadinhosdoterra #promocao"
Sandália Babuche Dinossauro no Vulcão Ovo Coqueiro Leve Macio Muito Confortável,31.99,31.99,0,https://s.shopee.com.br/2qUpe5kLjn,https://down-br.img.susercontent.com/file/br-11134207-820lw-mr7fkke7r8qv80|https://down-br.img.susercontent.com/file/br-11134207-820l4-mr7fkke7y9l273|https://down-br.img.susercontent.com/file/br-11134207-820m7-mr7fkke7wv0mf0|https://down-br.img.susercontent.com/file/br-11134207-820m5-mr7fkke9ph51e8,,"Não acreditei quando vi o preço desse aqui

Sandália Babuche Dinossauro no Vulcão Ovo Coqueiro Leve Macio Muito Confortável por R$ 31,99

🔗 Link na bio!
#achadinhos #achadinhosdoterra #promocao"
Sandália Babuche Infantil Juvenil Leve Macio,15.99,15.99,0,https://s.shopee.com.br/3g3wdchB2y,https://down-br.img.susercontent.com/file/sg-11134201-820nx-mnk3ngz0nojl72|https://down-br.img.susercontent.com/file/sg-11134201-820m3-mnk3ngxm8t8ib7|https://down-br.img.susercontent.com/file/sg-11134201-820n8-mnk3nhlqyakjd7|https://down-br.img.susercontent.com/file/sg-11134201-820o1-mnk3nh2qevba20|https://down-br.img.susercontent.com/file/sg-11134201-820o6-mnk3nhd7vjlu10,,"Esse aqui tá quase de graça, olha só

Sandália Babuche Infantil Juvenil Leve Macio por R$ 15,99

🔗 Link na bio!
#achadinhos #achadinhosdoterra #promocao"
Adaptador Plug Otg Usb Tipo C Fêmea Para Macho Usb Notebook Celular Tablet Kit OTG USB Conector LG,7.83,7.83,0,https://s.shopee.com.br/3qNMpvgXi1,https://down-br.img.susercontent.com/file/br-11134207-820ln-mqo5qrd9xhj5aa|https://down-br.img.susercontent.com/file/br-11134207-820m3-mn4kj3hiups4de|https://down-br.img.susercontent.com/file/br-11134207-820lf-mnlcqrhnepkwc3|https://down-br.img.susercontent.com/file/br-11134207-81zto-mkqv5ezoacxt4d,,"Pausa pro achadinho do dia

Adaptador Plug Otg Usb Tipo C Fêmea Para Macho Usb Notebook Celular Tablet Kit OTG USB Conector LG por R$ 7,83

🔗 Link na bio!
#achadinhos #achadinhosdoterra #promocao"
BB Cream Foundation/Concealer with Mushroom-Shaped Sponge Makeup Whitening Cream Martin Natural  HB2006,31.99,31.99,0,https://s.shopee.com.br/1qcISFo9lh,https://down-br.img.susercontent.com/file/sg-11134201-822yk-mo94qpmn0j5y3a|https://down-br.img.susercontent.com/file/sg-11134201-822x7-mo94qpr02cjm91|https://down-br.img.susercontent.com/file/sg-11134201-822zt-mo94qprss6it5d|https://down-br.img.susercontent.com/file/sg-11134201-822yc-mo94qq4belmq8f,,"Gente, olha esse preço

BB Cream Foundation/Concealer with Mushroom-Shaped Sponge Makeup Whitening Cream Martin Natural  HB2006 por R$ 31,99

🔗 Link na bio!
#achadinhos #achadinhosdoterra #promocao"
Escova Secadora 5 em 1 Modeladora Profissional Alisadora de Cabelo Anti Frizz Pepe Shop,67.98,67.98,0,https://s.shopee.com.br/1Lg1rKq3mc,https://down-br.img.susercontent.com/file/sg-11134201-7rdxl-md7mk4silruodb|https://down-br.img.susercontent.com/file/sg-11134201-7rdxk-md7mk72d8myk68|https://down-br.img.susercontent.com/file/sg-11134201-7rdye-md7mk9ldi08n4d|https://down-br.img.susercontent.com/file/sg-11134201-7rdvi-md7mkav5n0dz21,,"Separei mais um achadinho pra vocês

Escova Secadora 5 em 1 Modeladora Profissional Alisadora de Cabelo Anti Frizz Pepe Shop por R$ 67,98

🔗 Link na bio!
#achadinhos #achadinhosdoterra #promocao"
Kit 1/2/3 Pares Meias 3D Infantis Personagens Divertidos Conforto Macio Sortidos Criança Festa,19.99,19.99,0,https://s.shopee.com.br/1VzS3dpQRf,https://down-br.img.susercontent.com/file/sg-11134201-825zn-mm62a3k8epdtd3|https://down-br.img.susercontent.com/file/sg-11134201-8262n-mm62a534xczk58|https://down-br.img.susercontent.com/file/sg-11134201-82600-mm62a45jqtqa3d,,"Esse eu já quase comprei

Kit 1/2/3 Pares Meias 3D Infantis Personagens Divertidos Conforto Macio Sortidos Criança Festa por R$ 19,99

🔗 Link na bio!
#achadinhos #achadinhosdoterra #promocao"
"Chinelo de Dedo Feminino sola quadrada– Confortável, Leve e Moda Verão Tendências",14.25,14.25,0,https://s.shopee.com.br/2VrzFTlcPt,https://down-br.img.susercontent.com/file/br-11134201-820lp-mtemivuifhfn21|https://down-br.img.susercontent.com/file/br-11134207-820ll-mt5tu6o2iz2ced|https://down-br.img.susercontent.com/file/br-11134207-820lq-mt5tu6o9bd396e|https://down-br.img.susercontent.com/file/br-11134207-820m0-mt5tu6nt1m9y92,,"Achei isso e vim correndo avisar vocês

Chinelo de Dedo Feminino sola quadrada– Confortável, Leve e Moda Verão Tendências por R$ 14,25

🔗 Link na bio!
#achadinhos #achadinhosdoterra #promocao"
Barbours Beauty My Sweet Delight Body Splash 200ml para Uso Diario,17.90,17.90,0,https://s.shopee.com.br/20vieYnWQo,https://down-br.img.susercontent.com/file/sg-11134201-8257z-mrqg87yyd8uaea|https://down-br.img.susercontent.com/file/sg-11134201-82598-mrqg887jl7gn35|https://down-br.img.susercontent.com/file/br-11134201-820lu-mt9xlyyazx1e94,,"Não acreditei quando vi o preço desse aqui

Barbours Beauty My Sweet Delight Body Splash 200ml para Uso Diario por R$ 17,90

🔗 Link na bio!
#achadinhos #achadinhosdoterra #promocao"
Alaxe5 Geração Alto Falante Original Envio Imediato Melhor Preço,49.99,49.99,0,https://s.shopee.com.br/2BF8qrmt5r,https://down-br.img.susercontent.com/file/br-11134207-81z1k-mg96j0hfs0ec19|https://down-br.img.susercontent.com/file/br-11134207-81z1k-mg96j0hfteysb7|https://down-br.img.susercontent.com/file/br-11134207-81z1k-mg96j0hfxmo4f0|https://down-br.img.susercontent.com/file/br-11134207-81z1k-mg96j0hfz18ke7,,"Esse aqui tá quase de graça, olha só

Alaxe5 Geração Alto Falante Original Envio Imediato Melhor Preço por R$ 49,99

🔗 Link na bio!
#achadinhos #achadinhosdoterra #promocao"
Máscara Argan Premium Maycrene 500g Pós Progressiva Anti-Frizz Brilho Ouro Marroquino Profissional,22.90,22.90,0,https://s.shopee.com.br/W6urntETZ,https://down-br.img.susercontent.com/file/br-11134207-820lb-mtmejbyin4ebfa|https://down-br.img.susercontent.com/file/br-11134207-820ly-mtmejbyilptv9d|https://down-br.img.susercontent.com/file/br-11134207-820m1-mp2k0d4f4i6e43|https://down-br.img.susercontent.com/file/br-11134207-820m3-mp2k0d4f7bba0d,,"Pausa pro achadinho do dia

Máscara Argan Premium Maycrene 500g Pós Progressiva Anti-Frizz Brilho Ouro Marroquino Profissional por R$ 22,90

🔗 Link na bio!
#achadinhos #achadinhosdoterra #promocao"
Body Splash Nativa SPA  PROMOÇÃO RELÂMPAGO! mulher sedutora,19.90,19.90,0,https://s.shopee.com.br/1AeGsv8UU,https://down-br.img.susercontent.com/file/sg-11134201-8257t-mrrmamulro5dd5,,"Gente, olha esse preço

Body Splash Nativa SPA  PROMOÇÃO RELÂMPAGO! mulher sedutora por R$ 19,90

🔗 Link na bio!
#achadinhos #achadinhosdoterra #promocao"
BB CreamBase/Corretivo com Esponja com Formato de Cogumelo Base Clareador Maquiagem Creme Clareador Cor Marfim e Natural,28.88,28.88,0,https://s.shopee.com.br/113BSirKSi,https://down-br.img.susercontent.com/file/br-11110105-7r98o-m33zukw70vm61a|https://down-br.img.susercontent.com/file/br-11134207-7r98o-m1jvmgodmffube|https://down-br.img.susercontent.com/file/br-11134207-7r98o-m1jvmgodnu0a0f|https://down-br.img.susercontent.com/file/br-11134207-7r98o-m2n3npb149ude7|https://down-br.img.susercontent.com/file/br-11134207-7r98o-m2n3npb18hjp8b,,"Separei mais um achadinho pra vocês

BB CreamBase/Corretivo com Esponja com Formato de Cogumelo Base Clareador Maquiagem Creme Clareador Cor Marfim e Natural por R$ 28,88

🔗 Link na bio!
#achadinhos #achadinhosdoterra #promocao"
Kit Camisa Térmica com Balaclava Proteção UV 50+,32.99,32.99,0,https://s.shopee.com.br/1BMbf1qh7l,https://down-br.img.susercontent.com/file/br-11134207-820mh-mlgo1k9ot0jod7|https://down-br.img.susercontent.com/file/br-11134207-820m0-mlgo1k9lhm9z60|https://down-br.img.susercontent.com/file/br-11134207-820lh-mlgo1k9lj0uf6a|https://down-br.img.susercontent.com/file/br-11134207-820m0-mlgo1k9lkfevb6|https://down-br.img.susercontent.com/file/br-11134207-820le-mlgo1k9lltzb20,,"Esse eu já quase comprei

Kit Camisa Térmica com Balaclava Proteção UV 50+ por R$ 32,99

🔗 Link na bio!
#achadinhos #achadinhosdoterra #promocao"
Vult Creme para Pentear Definição Suave Cachos 3A a 3C 300ml,7.34,7.34,0,https://s.shopee.com.br/gQL46sb8g,https://down-br.img.susercontent.com/file/sg-11134201-82589-mrlt045tk3k40d|https://down-br.img.susercontent.com/file/sg-11134201-8259y-mrlt044ud4w421,,"Achei isso e vim correndo avisar vocês

Vult Creme para Pentear Definição Suave Cachos 3A a 3C 300ml por R$ 7,34

🔗 Link na bio!
#achadinhos #achadinhosdoterra #promocao"
Acessórios de Cabelo Moda Infantil Enfeite de Cabelo para Menina Espiral Molinha,7.99,7.99,0,https://s.shopee.com.br/qjlGPrxnj,https://down-br.img.susercontent.com/file/sg-11134201-81zvh-midvhlavhngoff|https://down-br.img.susercontent.com/file/sg-11134201-81zug-midvhftxhj407f|https://down-br.img.susercontent.com/file/sg-11134201-81zuz-midvhj6qk6iv94|https://down-br.img.susercontent.com/file/sg-11134201-81zuj-midvhgt2s0lke0|https://down-br.img.susercontent.com/file/sg-11134201-81zwt-midvhhk1mv4650,,"Não acreditei quando vi o preço desse aqui

Acessórios de Cabelo Moda Infantil Enfeite de Cabelo para Menina Espiral Molinha por R$ 7,99

🔗 Link na bio!
#achadinhos #achadinhosdoterra #promocao"
Filamento Impressora 3d Print Pulse PET G 1.75mm Importado Alta Qualidade,64.90,64.90,0,https://s.shopee.com.br/9fL9meKKsS,https://down-br.img.susercontent.com/file/br-11134207-820lc-mt9nlkezrfuocc|https://down-br.img.susercontent.com/file/br-11134207-820lk-mske2krf6dc6c5|https://down-br.img.susercontent.com/file/br-11134207-820lp-mske2krf4yrq1c|https://down-br.img.susercontent.com/file/br-11134207-820le-mske2krj2u4lcb,,"Esse aqui tá quase de graça, olha só

Filamento Impressora 3d Print Pulse PET G 1.75mm Importado Alta Qualidade por R$ 64,90

🔗 Link na bio!
#achadinhos #achadinhosdoterra #promocao"
3 / 6 / 9 / 12 / 15 / 18 / 24 Pares De Meias De Menino Soquete/Juvenil lisa Preta E Estampada Cano Curto,11.89,11.89,0,https://s.shopee.com.br/9V1jaLKyDT,https://down-br.img.susercontent.com/file/br-11134207-820lc-mmabaj93m0p256|https://down-br.img.susercontent.com/file/br-11134207-820lv-mmabaj93km4m28|https://down-br.img.susercontent.com/file/br-11134207-820md-mmabaj93j7k692|https://down-br.img.susercontent.com/file/br-11134207-820md-mmabaj93as5idf,,"Pausa pro achadinho do dia

3 / 6 / 9 / 12 / 15 / 18 / 24 Pares De Meias De Menino Soquete/Juvenil lisa Preta E Estampada Cano Curto por R$ 11,89

🔗 Link na bio!
#achadinhos #achadinhosdoterra #promocao"
Body Splash Morango e Leite Desodorante Colônia,14.99,14.99,0,https://s.shopee.com.br/AUuGmBHABh,https://down-br.img.susercontent.com/file/br-11134207-820lg-mq69xoa9ijggbf|https://down-br.img.susercontent.com/file/br-11134207-820ll-mqyva50fkqvb47|https://down-br.img.susercontent.com/file/br-11134207-820lt-mq69xoa9jy0wdf,,"Gente, olha esse preço

Body Splash Morango e Leite Desodorante Colônia por R$ 14,99

🔗 Link na bio!
#achadinhos #achadinhosdoterra #promocao"
Bolsa Estilosa tamanho Grande 3 compartimentos de Grande capacidade. Angelina Shop,38.99,38.99,0,https://s.shopee.com.br/8KpmCCPPaK,https://down-br.img.susercontent.com/file/sg-11134201-8260r-mlm8itgxovt1e4|https://down-br.img.susercontent.com/file/sg-11134201-82633-mlm8ivsu6oldee|https://down-br.img.susercontent.com/file/sg-11134201-82627-mlm8ixtrgq9t91|https://down-br.img.susercontent.com/file/sg-11134201-8261h-mlm8izofkf0j41|https://down-br.img.susercontent.com/file/sg-11134201-825zp-mlm8j2b1epz9a1,,"Separei mais um achadinho pra vocês

Bolsa Estilosa tamanho Grande 3 compartimentos de Grande capacidade. Angelina Shop por R$ 38,99

🔗 Link na bio!
#achadinhos #achadinhosdoterra #promocao"
Popozuda Lisinha Redutor de Pelos Corporais com Telocapil,59.90,59.90,0,https://s.shopee.com.br/8V9COVOmFN,https://down-br.img.susercontent.com/file/br-11134207-820ld-msehfls7gb9g33|https://down-br.img.susercontent.com/file/br-11134207-820lf-mrw55bk2fgn88e|https://down-br.img.susercontent.com/file/br-11134207-820lk-mrw55bjs8uf9ad|https://down-br.img.susercontent.com/file/br-11134207-820ls-mrw55bjs7fut84,,"Esse eu já quase comprei

Popozuda Lisinha Redutor de Pelos Corporais com Telocapil por R$ 59,90

🔗 Link na bio!
#achadinhos #achadinhosdoterra #promocao"
BB CreamBase/Corretivo com Esponja com Formato de Cogumelo Base Clareador Maquiagem Creme Clareador Cor Marfim e Natural,30.66,30.66,0,https://s.shopee.com.br/80CvnaQgGI,https://down-br.img.susercontent.com/file/sg-11134201-7reop-m817hciex8sg71|https://down-br.img.susercontent.com/file/sg-11134201-7rep3-m817hdfpkj3bc7|https://down-br.img.susercontent.com/file/sg-11134201-7repu-m817heey50a107|https://down-br.img.susercontent.com/file/sg-11134201-7rens-m817hf1p92qd3d,,"Achei isso e vim correndo avisar vocês

BB CreamBase/Corretivo com Esponja com Formato de Cogumelo Base Clareador Maquiagem Creme Clareador Cor Marfim e Natural por R$ 30,66

🔗 Link na bio!
#achadinhos #achadinhosdoterra #promocao"
Hidrabene Protetor Solar Clareador Facial 70 FPS,36.90,36.90,0,https://s.shopee.com.br/905SzQMsEW,https://down-br.img.susercontent.com/file/br-11134207-820ld-mswt16eywd1h35|https://down-br.img.susercontent.com/file/br-11134207-820lh-msxh15q6uxolf1|https://down-br.img.susercontent.com/file/br-11134201-820ma-mr7wvupfjkzo52|https://down-br.img.susercontent.com/file/br-11134207-820lk-msxh15qkplacfe,,"Não acreditei quando vi o preço desse aqui

Hidrabene Protetor Solar Clareador Facial 70 FPS por R$ 36,90

🔗 Link na bio!
#achadinhos #achadinhosdoterra #promocao"
Clareador de Virilha e Axila Creme Clareador Partes Intimas - Clear Beauty Original,24.99,24.99,0,https://s.shopee.com.br/9AOtBjMEtZ,https://down-br.img.susercontent.com/file/c9f9500a34155b0cb12356fd8060babd|https://down-br.img.susercontent.com/file/br-11134207-820m4-mt40kup546py86|https://down-br.img.susercontent.com/file/br-11134207-820lj-mt3c0xgxmeis8b|https://down-br.img.susercontent.com/file/br-11134207-820lg-mt40kup75891b7|https://down-br.img.susercontent.com/file/br-11134207-820lw-mt3c0xgz6l8n0c,,"Esse aqui tá quase de graça, olha só

Clareador de Virilha e Axila Creme Clareador Partes Intimas - Clear Beauty Original por R$ 24,99

🔗 Link na bio!
#achadinhos #achadinhosdoterra #promocao"
Palmilha de Gel Anatômica P.u Confortável Macia Ortopédica Ideal Para Quem Trabalha em Pé Horas,9.99,9.99,0,https://s.shopee.com.br/8fScaoO8uU,https://down-br.img.susercontent.com/file/sg-11134201-8260z-mjfawrygssnbc0|https://down-br.img.susercontent.com/file/sg-11134201-8262f-mjfawsxvucxuae|https://down-br.img.susercontent.com/file/sg-11134201-825zv-mjfawtupy22v17|https://down-br.img.susercontent.com/file/sg-11134201-82601-mjfawuhte32db7,,"Pausa pro achadinho do dia

Palmilha de Gel Anatômica P.u Confortável Macia Ortopédica Ideal Para Quem Trabalha em Pé Horas por R$ 9,99

🔗 Link na bio!
#achadinhos #achadinhosdoterra #promocao"
Calça Jogger Unissex Esportiva otimo tecido para academia corrida e super confortavel,23.20,23.20,0,https://s.shopee.com.br/8pm2n7NVZX,https://down-br.img.susercontent.com/file/sg-11134201-7rbkk-m5pv1hj7o1o488|https://down-br.img.susercontent.com/file/sg-11134201-7rbnf-m5pv1i1ix8xg31|https://down-br.img.susercontent.com/file/sg-11134201-7rblt-m5pv1imc2sn448|https://down-br.img.susercontent.com/file/sg-11134201-7rbks-m5pv1j3td97i69,,"Gente, olha esse preço

Calça Jogger Unissex Esportiva otimo tecido para academia corrida e super confortavel por R$ 23,20

🔗 Link na bio!
#achadinhos #achadinhosdoterra #promocao"
Coleção Canetas Marcadores Ponta Dupla Pincel Brush Pen Fina 0.4mm Tinta Viva Desenho Escolar Papelaria,8.99,8.99,0,https://s.shopee.com.br/70KObkUUIC,https://down-br.img.susercontent.com/file/sg-11134201-8258a-mqn15y0vbgn7c0|https://down-br.img.susercontent.com/file/sg-11134201-8258s-mqn15xxpyvbj13|https://down-br.img.susercontent.com/file/sg-11134201-8259a-mqn15wzsypz7a2|https://down-br.img.susercontent.com/file/sg-11134201-82596-mqn15x0uqfpr0f|https://down-br.img.susercontent.com/file/sg-11134201-8258m-mqn15xow3477bc,,"Separei mais um achadinho pra vocês

Coleção Canetas Marcadores Ponta Dupla Pincel Brush Pen Fina 0.4mm Tinta Viva Desenho Escolar Papelaria por R$ 8,99

🔗 Link na bio!
#achadinhos #achadinhosdoterra #promocao"
Bolsa Sacola Feminina de Ombro Grande Dia a Dia espaçosa Elegante para Trabalho Praia,23.45,23.45,0,https://s.shopee.com.br/7Adoo3TqxF,https://down-br.img.susercontent.com/file/br-11134207-81z1k-merwlvkgw8ow58|https://down-br.img.susercontent.com/file/br-11134207-81z1k-mfllaayeiosla3|https://down-br.img.susercontent.com/file/br-11134207-81z1k-merxss92wnb713|https://down-br.img.susercontent.com/file/br-11134207-81z1k-merxss91xj4164|https://down-br.img.susercontent.com/file/br-11134207-81z1k-merwlvkguu4g9f,,"Esse eu já quase comprei

Bolsa Sacola Feminina de Ombro Grande Dia a Dia espaçosa Elegante para Trabalho Praia por R$ 23,45

🔗 Link na bio!
#achadinhos #achadinhosdoterra #promocao"
BODY SPLASH MASCULINO HOMEM MALBEC KAIAK 60ML,9.90,9.90,0,https://s.shopee.com.br/6fhYD8VkyA,https://down-br.img.susercontent.com/file/sg-11134201-823p5-moh7p8mnuigx4b|https://down-br.img.susercontent.com/file/sg-11134201-823pf-moh7p8uxfua315|https://down-br.img.susercontent.com/file/sg-11134201-823qu-moh7p9c2czd82c|https://down-br.img.susercontent.com/file/sg-11134201-823qm-moh7p8vzhdzj02,,"Achei isso e vim correndo avisar vocês

BODY SPLASH MASCULINO HOMEM MALBEC KAIAK 60ML por R$ 9,90

🔗 Link na bio!
#achadinhos #achadinhosdoterra #promocao"
BB Cream/Base/Corretivo Base Líquida com Esponja com Formato de Cogumelo ou Base Matte Bisnaga / reme Clareador NATURAL,25.00,25.00,0,https://s.shopee.com.br/7fa5OyRwwO,https://down-br.img.susercontent.com/file/br-11134207-820le-msglnj4i4hl2cf|https://down-br.img.susercontent.com/file/br-11134207-820ls-msglnj49rw1zf7|https://down-br.img.susercontent.com/file/br-11134207-820ln-msglnj4d7i113d|https://down-br.img.susercontent.com/file/br-11134207-820l5-msglnj49qhhj2c,,"Não acreditei quando vi o preço desse aqui

BB Cream/Base/Corretivo Base Líquida com Esponja com Formato de Cogumelo ou Base Matte Bisnaga / reme Clareador NATURAL por R$ 25,00

🔗 Link na bio!
#achadinhos #achadinhosdoterra #promocao"
SPOETRY Bolsa Feminina Casual de Nylon Nova Grande Ombro Tote,31.20,31.20,0,https://s.shopee.com.br/7ptVbHRJbR,https://down-br.img.susercontent.com/file/br-11134207-820ld-mlq1ob393uvb2b|https://down-br.img.susercontent.com/file/br-11134207-820m1-mlq2kdq9p4hyb4|https://down-br.img.susercontent.com/file/br-11134207-820lp-mlq2kdqg4w7be9|https://down-br.img.susercontent.com/file/br-11134207-820l4-mlq2kdq9kwsm19|https://down-br.img.susercontent.com/file/br-11134207-820ln-mlq2kdq9qj2eb5,,"Esse aqui tá quase de graça, olha só

SPOETRY Bolsa Feminina Casual de Nylon Nova Grande Ombro Tote por R$ 31,20

🔗 Link na bio!
#achadinhos #achadinhosdoterra #promocao"
"1,2,3,4,6 Canetas Marcadoras Permanente Ponta Longa 20mm Para Madeira , Cerâmica E Construção",4.99,4.99,0,https://s.shopee.com.br/7KxF0MTDcM,https://down-br.img.susercontent.com/file/sg-11134201-8261p-mk3wm5kxc5j852|https://down-br.img.susercontent.com/file/sg-11134201-825zx-mk3wm4u966md64|https://down-br.img.susercontent.com/file/sg-11134201-82612-mk3wm680e1oo2f|https://down-br.img.susercontent.com/file/sg-11134201-82623-mk3wm6vygow323|https://down-br.img.susercontent.com/file/sg-11134201-82618-mk3wm7gpo07663,,"Pausa pro achadinho do dia

1,2,3,4,6 Canetas Marcadoras Permanente Ponta Longa 20mm Para Madeira , Cerâmica E Construção por R$ 4,99

🔗 Link na bio!
#achadinhos #achadinhosdoterra #promocao"
Sabonete Natura em Barra Puro Vegetal Tododia 1 Caixa 05 unidades,31.99,31.99,0,https://s.shopee.com.br/7VGfCfSaHP,https://down-br.img.susercontent.com/file/br-11134201-820m8-mqyrsbu4c2kk89|https://down-br.img.susercontent.com/file/br-11134207-820m1-mnhwtzf2m2gy1f|https://down-br.img.susercontent.com/file/br-11134207-820ll-mnhwtzf38jk109|https://down-br.img.susercontent.com/file/br-11134207-820m4-mnhwtzf3bcox10|https://down-br.img.susercontent.com/file/br-11134207-820md-mnhwtzf39y4h3e,,"Gente, olha esse preço

Sabonete Natura em Barra Puro Vegetal Tododia 1 Caixa 05 unidades por R$ 31,99

🔗 Link na bio!
#achadinhos #achadinhosdoterra #promocao"
Novo Guarda Chuva Automático Alta Resistência a Chuvas e Vento Forte Com Proteção UV,26.80,26.80,0,https://s.shopee.com.br/5q8RDbYvf7,https://down-br.img.susercontent.com/file/br-11134207-820mb-mt9tda38xybn91|https://down-br.img.susercontent.com/file/sg-11134201-8261x-mk9z09tggm4k3b|https://down-br.img.susercontent.com/file/br-11134207-820ma-mt9tda3khr7kd5|https://down-br.img.susercontent.com/file/sg-11134201-8262f-mk9z0b17bnra18,,"Separei mais um achadinho pra vocês

Novo Guarda Chuva Automático Alta Resistência a Chuvas e Vento Forte Com Proteção UV por R$ 26,80

🔗 Link na bio!
#achadinhos #achadinhosdoterra #promocao"
3/2/1 PCS Pochete Doleira Antifurto Nylon Impermeável Porta Celular Dinheiro Segurança Viagem Corrida Academia,10.99,10.99,0,https://s.shopee.com.br/5LCAcgapg2,https://down-br.img.susercontent.com/file/sg-11134201-7repa-mdv3544s8w65bd|https://down-br.img.susercontent.com/file/sg-11134201-7reob-mdv355r1u9l230|https://down-br.img.susercontent.com/file/sg-11134201-7req3-mdv356meke4542|https://down-br.img.susercontent.com/file/sg-11134201-7rent-mdv357ib9p9vea,,"Esse eu já quase comprei

3/2/1 PCS Pochete Doleira Antifurto Nylon Impermeável Porta Celular Dinheiro Segurança Viagem Corrida Academia por R$ 10,99

🔗 Link na bio!
#achadinhos #achadinhosdoterra #promocao"
Kit 2000 Peças Bolsa Elástico De Cabelo Feminino Descartável Multicolorido,4.99,4.99,0,https://s.shopee.com.br/5VVaozaCL5,https://down-br.img.susercontent.com/file/br-11110105-7r98o-lx61hjvt9h07ab|https://down-br.img.susercontent.com/file/br-11134207-7r98o-lx608umcst6nde|https://down-br.img.susercontent.com/file/br-11134207-7r98o-lx608umcyfgfbc|https://down-br.img.susercontent.com/file/br-11134207-7r98o-lx608umczu0v65|https://down-br.img.susercontent.com/file/br-11134207-7r98o-lx608umcq01r8a,,"Achei isso e vim correndo avisar vocês

Kit 2000 Peças Bolsa Elástico De Cabelo Feminino Descartável Multicolorido por R$ 4,99

🔗 Link na bio!
#achadinhos #achadinhosdoterra #promocao"
KIT 3 Top Sutiãs Feminino Sem Costura Alça Fina Canelado  Com Bojo Removível Poliamida,18.99,18.99,0,https://s.shopee.com.br/6L4hoWX1eG,https://down-br.img.susercontent.com/file/sg-11134201-8258t-mr7b2bd1179da3|https://down-br.img.susercontent.com/file/sg-11134201-8258m-mq27nx1cnvnz48|https://down-br.img.susercontent.com/file/sg-11134201-8257u-mq27nx1zu8zl69|https://down-br.img.susercontent.com/file/sg-11134201-8259v-mq27nwy8kbnke1|https://down-br.img.susercontent.com/file/sg-11134201-8259u-mq27nx264efi08,,"Não acreditei quando vi o preço desse aqui

KIT 3 Top Sutiãs Feminino Sem Costura Alça Fina Canelado  Com Bojo Removível Poliamida por R$ 18,99

🔗 Link na bio!
#achadinhos #achadinhosdoterra #promocao"
Bolsa de Viagem Mala Dobrável Capacidade Impermeável,13.41,13.41,0,https://s.shopee.com.br/6AlHcDXezH,https://down-br.img.susercontent.com/file/sg-11134201-7rbmx-lp6czwvd0b9k6f|https://down-br.img.susercontent.com/file/sg-11134201-7rbnf-lp6d0357tskd3f|https://down-br.img.susercontent.com/file/sg-11134201-7rbmy-lp6d05hudybi7b|https://down-br.img.susercontent.com/file/sg-11134201-7rbmr-lp6d07td14xy74,,"Esse aqui tá quase de graça, olha só

Bolsa de Viagem Mala Dobrável Capacidade Impermeável por R$ 13,41

🔗 Link na bio!
#achadinhos #achadinhosdoterra #promocao"
Sabonete Líquido Chá Branco 500ml,17.90,17.90,0,https://s.shopee.com.br/4Vd3d9e0My,https://down-br.img.susercontent.com/file/sg-11134201-7rce8-lslpzmeocdvic0|https://down-br.img.susercontent.com/file/sg-11134201-7rcck-lslpzma8iw2c13|https://down-br.img.susercontent.com/file/br-11134201-820le-mr1mc74d87bb6b,,"Pausa pro achadinho do dia

Sabonete Líquido Chá Branco 500ml por R$ 17,90

🔗 Link na bio!
#achadinhos #achadinhosdoterra #promocao"
Babuche EVA Casual Leve Confortável Antiderrapante com Acessórios Elegantes Textura Diamante 3D,34.96,34.96,0,https://s.shopee.com.br/4LJdQqedhx,https://down-br.img.susercontent.com/file/br-11134207-820l7-mmw7ny7u5bluf5|https://down-br.img.susercontent.com/file/br-11134207-820lp-mqhp7ammyosj2b|https://down-br.img.susercontent.com/file/br-11134207-820md-mmw7ny7oamf46c|https://down-br.img.susercontent.com/file/br-11134207-820lp-mmw7ny7k9xxdb9|https://down-br.img.susercontent.com/file/br-11134207-820li-mmw7ny7ox3ic9c,,"Gente, olha esse preço

Babuche EVA Casual Leve Confortável Antiderrapante com Acessórios Elegantes Textura Diamante 3D por R$ 34,96

🔗 Link na bio!
#achadinhos #achadinhosdoterra #promocao"
Jaqueta Corta Vento Masculino Feminino impermeavel,59.35,59.35,0,https://s.shopee.com.br/4B0DEXfH2w,https://down-br.img.susercontent.com/file/sg-11134201-825b1-mqyr5nubec5ib2|https://down-br.img.susercontent.com/file/sg-11134201-825ap-mqyr5nzpa2h81a|https://down-br.img.susercontent.com/file/sg-11134201-825al-mqyr5o0x3i85da|https://down-br.img.susercontent.com/file/sg-11134201-825a5-mqyr5mkjewp2c1,,"Separei mais um achadinho pra vocês

Jaqueta Corta Vento Masculino Feminino impermeavel por R$ 59,35

🔗 Link na bio!
#achadinhos #achadinhosdoterra #promocao"
Kit Tops Sutiã Feminino Sem Costura Alça Fina Canelado com Bojo Removível,19.99,19.99,0,https://s.shopee.com.br/40gn2EfuNv,https://down-br.img.susercontent.com/file/sg-11134201-8258i-mq54x2u9xeddf8|https://down-br.img.susercontent.com/file/br-11134207-820l6-mq51flhupk3ld4|https://down-br.img.susercontent.com/file/sg-11134201-8258t-mq556mxcpwct01|https://down-br.img.susercontent.com/file/sg-11134201-825a6-mq556mpouyvg3e,,"Esse eu já quase comprei

Kit Tops Sutiã Feminino Sem Costura Alça Fina Canelado com Bojo Removível por R$ 19,99

🔗 Link na bio!
#achadinhos #achadinhosdoterra #promocao"
Kit Hidratante Corporal + Body Splash Feminino | Fragrância Doce Frutal | Hidratação Prolongada | Pele Macia,49.95,49.95,0,https://s.shopee.com.br/5AskQNbT1A,https://down-br.img.susercontent.com/file/sg-11134201-82612-mm3f153hdssv36|https://down-br.img.susercontent.com/file/br-11134201-820lo-mr8fad8uc8hwcc|https://down-br.img.susercontent.com/file/sg-11134201-8261l-mm3f13j3ajgg88|https://down-br.img.susercontent.com/file/sg-11134201-82627-mm3f14444umb20|https://down-br.img.susercontent.com/file/sg-11134201-8261o-mm3f1482xvk1df,,"Achei isso e vim correndo avisar vocês

Kit Hidratante Corporal + Body Splash Feminino | Fragrância Doce Frutal | Hidratação Prolongada | Pele Macia por R$ 49,95

🔗 Link na bio!
#achadinhos #achadinhosdoterra #promocao"
Tênis de Corrida Masculino e Feminino Sapato de Moda Academia Caminhada Confortável do 33 ao 44,71.62,71.62,0,https://s.shopee.com.br/50ZKE4c6M9,https://down-br.img.susercontent.com/file/sg-11134201-8261o-mjyfg9rs969s85|https://down-br.img.susercontent.com/file/br-11134258-820m5-ml8a34rlu7t287|https://down-br.img.susercontent.com/file/sg-11134201-8260t-mjyfgb1t91c66f|https://down-br.img.susercontent.com/file/sg-11134201-82625-mjyfgc0fqfice4|https://down-br.img.susercontent.com/file/sg-11134201-825zs-mjyfgcyhxedh07|https://down-br.img.susercontent.com/file/sg-11134201-825zn-mjyfge8799mqc4,,"Não acreditei quando vi o preço desse aqui

Tênis de Corrida Masculino e Feminino Sapato de Moda Academia Caminhada Confortável do 33 ao 44 por R$ 71,62

🔗 Link na bio!
#achadinhos #achadinhosdoterra #promocao"
Kit 3 ou 2 Calça Jogger Adulto Chimpa Masculina Flanelado,42.82,42.82,0,https://s.shopee.com.br/4qFu1lcjh8,https://down-br.img.susercontent.com/file/br-11134207-81z1k-mge06jdpvait62|https://down-br.img.susercontent.com/file/br-11134207-81z1k-mge2pagtrls747|https://down-br.img.susercontent.com/file/br-11134207-81z1k-mge06jduqvi848|https://down-br.img.susercontent.com/file/br-11134207-81z1k-mge06jdptvydea|https://down-br.img.susercontent.com/file/br-11134207-81z1k-mge06jdpshdxc2,,"Esse aqui tá quase de graça, olha só

Kit 3 ou 2 Calça Jogger Adulto Chimpa Masculina Flanelado por R$ 42,82

🔗 Link na bio!
#achadinhos #achadinhosdoterra #promocao"
"Óleo Finalizador Óleo Extraordinário, Anti Frizz, Protetor Térmico, L'Oréal Paris Elseve 100ml",37.99,37.99,0,https://s.shopee.com.br/4fwTpSdN27,https://down-br.img.susercontent.com/file/br-11134207-820lt-msof4dg2rnyc07|https://down-br.img.susercontent.com/file/br-11134207-820m5-msof4dg2t2is47|https://down-br.img.susercontent.com/file/br-11134207-820m1-msof4dg2uh38e5|https://down-br.img.susercontent.com/file/br-11134207-820lb-msof4dg2vvnodf,,"Pausa pro achadinho do dia

Óleo Finalizador Óleo Extraordinário, Anti Frizz, Protetor Térmico, L'Oréal Paris Elseve 100ml por R$ 37,99

🔗 Link na bio!
#achadinhos #achadinhosdoterra #promocao"
Camisola Renda Feminina Pijama Sexy Sensual Lingerie Conforto Linha Noite sem Bojo,16.99,16.99,0,https://s.shopee.com.br/3B7g2hj54q,https://down-br.img.susercontent.com/file/br-11134207-820l4-mnyzykuewnb498|https://down-br.img.susercontent.com/file/br-11134207-820ln-mnyzykuepmgw00|https://down-br.img.susercontent.com/file/br-11134207-820ln-mnyzykuev8qofe|https://down-br.img.susercontent.com/file/br-11134207-820m3-mnyzykuetu687b,,"Gente, olha esse preço

Camisola Renda Feminina Pijama Sexy Sensual Lingerie Conforto Linha Noite sem Bojo por R$ 16,99

🔗 Link na bio!
#achadinhos #achadinhosdoterra #promocao"
BB Cream/Base/Corretivo com Esponja com Formato de Cogumelo / Base Clareador Maquiagem Creme Clareador Cor Marfim e Natu,29.99,29.99,0,https://s.shopee.com.br/2qUpe5kLko,https://down-br.img.susercontent.com/file/br-11110105-7r98o-lov2pk938ky333|https://down-br.img.susercontent.com/file/br-11134207-820lc-mp51i7w3hts6c7|https://down-br.img.susercontent.com/file/br-11134207-820lv-mp51i7w39edi11|https://down-br.img.susercontent.com/file/br-11134207-820lh-mp51i7w3asxy38|https://down-br.img.susercontent.com/file/br-11134207-820ma-mr0d66b0e6fb95,,"Separei mais um achadinho pra vocês

BB Cream/Base/Corretivo com Esponja com Formato de Cogumelo / Base Clareador Maquiagem Creme Clareador Cor Marfim e Natu por R$ 29,99

🔗 Link na bio!
#achadinhos #achadinhosdoterra #promocao"
camisola sem bojo sexy costas aberta alça com regulagem sensual pijama feminino,28.92,28.92,0,https://s.shopee.com.br/3g3wdchB41,https://down-br.img.susercontent.com/file/br-11134207-81z1k-mfcmfsoh68zk7a|https://down-br.img.susercontent.com/file/br-11134207-81z1k-mgn3p8gwkwzo65|https://down-br.img.susercontent.com/file/br-11134207-81z1k-mgn3p8gwnq4kfe|https://down-br.img.susercontent.com/file/br-11134207-81z1k-mgn3p8gwqj9g91,,"Esse eu já quase comprei

camisola sem bojo sexy costas aberta alça com regulagem sensual pijama feminino por R$ 28,92

🔗 Link na bio!
#achadinhos #achadinhosdoterra #promocao"
Slide Feminino Piccadilly Ortopédico Confortável e Versátil,21.90,21.90,0,https://s.shopee.com.br/1qcISFo9mi,https://down-br.img.susercontent.com/file/sg-11134201-82628-mk2yltkcrjlxa4|https://down-br.img.susercontent.com/file/sg-11134201-8260b-mk2yluly1gjo13|https://down-br.img.susercontent.com/file/sg-11134201-8262h-mk2ylvg8969zd3|https://down-br.img.susercontent.com/file/sg-11134201-82611-mk2ylwbnlg5f7b|https://down-br.img.susercontent.com/file/sg-11134201-82604-mk2ylx9m04ck8d,,"Achei isso e vim correndo avisar vocês

Slide Feminino Piccadilly Ortopédico Confortável e Versátil por R$ 21,90

🔗 Link na bio!
#achadinhos #achadinhosdoterra #promocao"
Kit 10 a 50 Grampos Prendedores De Roupa 100% Aço Inox Super Resistentes,10.99,10.99,0,https://s.shopee.com.br/1gIsFwon7h,https://down-br.img.susercontent.com/file/br-11134207-7r98o-m5wynl9ajix11f|https://down-br.img.susercontent.com/file/br-11134207-7r98o-m5wynl9a6w8i80|https://down-br.img.susercontent.com/file/br-11134207-7r98o-m5wynl99zvbk49|https://down-br.img.susercontent.com/file/br-11134207-7r98o-m5wynl99rfww26,,"Não acreditei quando vi o preço desse aqui

Kit 10 a 50 Grampos Prendedores De Roupa 100% Aço Inox Super Resistentes por R$ 10,99

🔗 Link na bio!
#achadinhos #achadinhosdoterra #promocao"
ULTRA HIDRATAÇÃO EFEITO TEIA COM ÓLEOS MARROQUINOS - OURO MARROQUINO - FINA MARIA PROFISSIONAL,38.90,38.90,0,https://s.shopee.com.br/1VzS3dpQSg,https://down-br.img.susercontent.com/file/sg-11134201-8258h-mr1ynaykoao016|https://down-br.img.susercontent.com/file/sg-11134201-8259y-mr1ynatw43r8bf|https://down-br.img.susercontent.com/file/sg-11134201-8259c-mr1ynasd0pvk82|https://down-br.img.susercontent.com/file/sg-11134201-825ae-mr1ynaoyry86d7,,"Esse aqui tá quase de graça, olha só

ULTRA HIDRATAÇÃO EFEITO TEIA COM ÓLEOS MARROQUINOS - OURO MARROQUINO - FINA MARIA PROFISSIONAL por R$ 38,90

🔗 Link na bio!
#achadinhos #achadinhosdoterra #promocao"
Sapato Fechado Antiderrapante Leve Confortável Uso Profissional,19.99,19.99,0,https://s.shopee.com.br/2LYZ3AmFlt,https://down-br.img.susercontent.com/file/sg-11134201-8262b-mlik9ka8xuddae|https://down-br.img.susercontent.com/file/sg-11134201-8261i-mlik9k3y1og43e|https://down-br.img.susercontent.com/file/sg-11134201-8261j-mlik9k74omir4e|https://down-br.img.susercontent.com/file/sg-11134201-82601-mlik9kul9xqg38,,"Pausa pro achadinho do dia

Sapato Fechado Antiderrapante Leve Confortável Uso Profissional por R$ 19,99

🔗 Link na bio!
#achadinhos #achadinhosdoterra #promocao"
Almofada kino para o Pé Para Alívio da Tensão Descanso Antiestresse,10.48,10.48,0,https://s.shopee.com.br/2BF8qrmt6s,https://down-br.img.susercontent.com/file/br-11134207-820mh-mqyt2abaq29xba|https://down-br.img.susercontent.com/file/br-11134207-820mh-mqyt2abargudbe|https://down-br.img.susercontent.com/file/br-11134207-820li-mqysb45ddiiu5b|https://down-br.img.susercontent.com/file/br-11134207-820lg-mqyt2abasvetd8,,"Gente, olha esse preço

Almofada kino para o Pé Para Alívio da Tensão Descanso Antiestresse por R$ 10,48

🔗 Link na bio!
#achadinhos #achadinhosdoterra #promocao"
Shampoo Escurecedor Cabelos Brancos Tonalizante Colored 300ml Efeito 100% Natural Super Resultado,14.99,14.99,0,https://s.shopee.com.br/20vieYnWRr,https://down-br.img.susercontent.com/file/br-11134207-820mf-mmajzmcmll3a15|https://down-br.img.susercontent.com/file/br-11134207-7r98o-mcpuregkna4hd3|https://down-br.img.susercontent.com/file/br-11134207-7r98o-mcpuregkooox7c|https://down-br.img.susercontent.com/file/br-11134207-7r98o-mcpuregkx43l17,,"Separei mais um achadinho pra vocês

Shampoo Escurecedor Cabelos Brancos Tonalizante Colored 300ml Efeito 100% Natural Super Resultado por R$ 14,99

🔗 Link na bio!
#achadinhos #achadinhosdoterra #promocao"
mega promoção queima de estoque Sandália Saltinho 4 cm Tira de Strass Brilho Nó Calce Fácil l elegante dia a dia,35.95,35.95,0,https://s.shopee.com.br/W6urntEUa,https://down-br.img.susercontent.com/file/br-11134201-820mh-mqybhm8uitj801|https://down-br.img.susercontent.com/file/br-11134207-820m8-mlrs87nfvh8m13|https://down-br.img.susercontent.com/file/br-11134201-820m7-mr5dn9l13ojo18|https://down-br.img.susercontent.com/file/br-11134207-820lj-mlrs87n6xt6s91,,"Esse eu já quase comprei

mega promoção queima de estoque Sandália Saltinho 4 cm Tira de Strass Brilho Nó Calce Fácil l elegante dia a dia por R$ 35,95

🔗 Link na bio!
#achadinhos #achadinhosdoterra #promocao"
Esponja Silicone Massageadora Escova Banho Lava Corpo Todo Bucha Esfoliação,10.99,10.99,0,https://s.shopee.com.br/LnUfUtrpZ,https://down-br.img.susercontent.com/file/br-11134207-7r98o-m7tgq38cvtxebb|https://down-br.img.susercontent.com/file/br-11134207-7r98o-m7tgq38cx8hu58|https://down-br.img.susercontent.com/file/br-11134207-7r98o-m7tgq38d1g7664|https://down-br.img.susercontent.com/file/br-11134207-7r98o-m7tgq38cyn2a52,,"Achei isso e vim correndo avisar vocês

Esponja Silicone Massageadora Escova Banho Lava Corpo Todo Bucha Esfoliação por R$ 10,99

🔗 Link na bio!
#achadinhos #achadinhosdoterra #promocao"
MEGA HIDRATAÇÃO OURO MARROQUINO EFEITO TEIA | ANTIFRIZZ | ÓLEOS MILAGROSOS | FINA MARIA PROFESSIONAL,39.90,39.90,0,https://s.shopee.com.br/113BSirKTl,https://down-br.img.susercontent.com/file/br-11134207-81z1k-mgcvuf1960as06|https://down-br.img.susercontent.com/file/br-11134207-81z1k-mfo4pt5kqxhh4c|https://down-br.img.susercontent.com/file/br-11134207-81z1k-mfo4pt5ksc1xe1|https://down-br.img.susercontent.com/file/br-11134207-81z1k-mfo4pt5xe1hg87,,"Não acreditei quando vi o preço desse aqui

MEGA HIDRATAÇÃO OURO MARROQUINO EFEITO TEIA | ANTIFRIZZ | ÓLEOS MILAGROSOS | FINA MARIA PROFESSIONAL por R$ 39,90

🔗 Link na bio!
#achadinhos #achadinhosdoterra #promocao"
Calça Legging Levanta Bumbum Feminina Cintura Alta Esportiva Academia Fitness Yoga Corrida,27.98,27.98,0,https://s.shopee.com.br/9peZyxJhYW,https://down-br.img.susercontent.com/file/br-11134207-820lx-mr0hbptmlh5132|https://down-br.img.susercontent.com/file/br-11134207-820ma-mr0hbptmmvph4e|https://down-br.img.susercontent.com/file/br-11134207-820mf-mr0hbptmr3et77|https://down-br.img.susercontent.com/file/br-11134207-820lc-mr0hbptmshz9ed,,"Esse aqui tá quase de graça, olha só

Calça Legging Levanta Bumbum Feminina Cintura Alta Esportiva Academia Fitness Yoga Corrida por R$ 27,98

🔗 Link na bio!
#achadinhos #achadinhosdoterra #promocao"
Filamento Impressora 3d Print Pulse PET G 1.75mm Importado Alta Qualidade,69.90,69.90,0,https://s.shopee.com.br/9V1jaLKyEU,https://down-br.img.susercontent.com/file/br-11134207-820lc-mt9nlkezrfuocc|https://down-br.img.susercontent.com/file/br-11134207-820lk-mske2krf6dc6c5|https://down-br.img.susercontent.com/file/br-11134207-820lp-mske2krf4yrq1c|https://down-br.img.susercontent.com/file/br-11134207-820le-mske2krj2u4lcb,,"Pausa pro achadinho do dia

Filamento Impressora 3d Print Pulse PET G 1.75mm Importado Alta Qualidade por R$ 69,90

🔗 Link na bio!
#achadinhos #achadinhosdoterra #promocao"
2000 Peças Bolsa Elástico De Cabelo Feminino Descartável Multicolorido,4.99,4.99,0,https://s.shopee.com.br/9KiJO2LbZT,https://down-br.img.susercontent.com/file/br-11110105-7r98o-lwynhya9jfpz88|https://down-br.img.susercontent.com/file/br-11134207-7r98o-llf1bmjg9buz4e|https://down-br.img.susercontent.com/file/br-11134207-7r98s-llf1bmjgaqff7f|https://down-br.img.susercontent.com/file/br-11134207-7r98p-llf1bmjgc4zv2a|https://down-br.img.susercontent.com/file/br-11134207-7r98s-llf1bmjggcp718,,"Gente, olha esse preço

2000 Peças Bolsa Elástico De Cabelo Feminino Descartável Multicolorido por R$ 4,99

🔗 Link na bio!
#achadinhos #achadinhosdoterra #promocao"
KIT Calcinha Calçola Cintura Alta Microfibra Lisa Redutora Luxo Lateral Larga Conforto Lingerie,27.99,27.99,0,https://s.shopee.com.br/AUuGmBHACi,https://down-br.img.susercontent.com/file/sg-11134201-7renx-m80vcyxe2r7af1|https://down-br.img.susercontent.com/file/sg-11134201-7renw-m80vd07q5k8288|https://down-br.img.susercontent.com/file/sg-11134201-7reps-m80vd1ms1fgx0e|https://down-br.img.susercontent.com/file/sg-11134201-7ren4-m80vd2pcgyhze8,,"Separei mais um achadinho pra vocês

KIT Calcinha Calçola Cintura Alta Microfibra Lisa Redutora Luxo Lateral Larga Conforto Lingerie por R$ 27,99

🔗 Link na bio!
#achadinhos #achadinhosdoterra #promocao"
"Escova De Cabelo Elétrica A Vapor 3 Em 1 , Alisador Recarregável Com Spray De Névoa , Almofada Desembaraçadora , Pente",36.99,36.99,0,https://s.shopee.com.br/AKaqZsHnXh,https://down-br.img.susercontent.com/file/br-11134207-820lc-mrln9vxch1xif5|https://down-br.img.susercontent.com/file/br-11134207-820lx-mrln9vxcighyd5|https://down-br.img.susercontent.com/file/br-11134207-820lt-mrln9vxcphc662|https://down-br.img.susercontent.com/file/br-11134207-820mb-mrln9vxcsah23e,,"Esse eu já quase comprei

Escova De Cabelo Elétrica A Vapor 3 Em 1 , Alisador Recarregável Com Spray De Névoa , Almofada Desembaraçadora , Pente por R$ 36,99

🔗 Link na bio!
#achadinhos #achadinhosdoterra #promocao"
NIVEA Hidratante Desodorante Soft Milk 200ml,14.99,14.99,0,https://s.shopee.com.br/9zy0BGJ4Df,https://down-br.img.susercontent.com/file/65696326c432a1377b9712396e945bbb|https://down-br.img.susercontent.com/file/br-11134207-81z1k-mea3l4ikd7nl6f|https://down-br.img.susercontent.com/file/br-11134207-7r98o-m6luu0fojeiv29|https://down-br.img.susercontent.com/file/br-11134207-7r98o-m6luu0fot8hz82|https://down-br.img.susercontent.com/file/br-11134207-7r98o-m6luu0fortxjaa,,"Achei isso e vim correndo avisar vocês

NIVEA Hidratante Desodorante Soft Milk 200ml por R$ 14,99

🔗 Link na bio!
#achadinhos #achadinhosdoterra #promocao"
Chinelo Feminino Piccadilly Ortopédico Anatômico e Super Leve,21.90,21.90,0,https://s.shopee.com.br/8V9COVOmGO,https://down-br.img.susercontent.com/file/sg-11134201-82628-mk2yltkcrjlxa4|https://down-br.img.susercontent.com/file/sg-11134201-8260b-mk2yluly1gjo13|https://down-br.img.susercontent.com/file/sg-11134201-8262h-mk2ylvg8969zd3|https://down-br.img.susercontent.com/file/sg-11134201-82611-mk2ylwbnlg5f7b|https://down-br.img.susercontent.com/file/sg-11134201-82604-mk2ylx9m04ck8d,,"Não acreditei quando vi o preço desse aqui

Chinelo Feminino Piccadilly Ortopédico Anatômico e Super Leve por R$ 21,90

🔗 Link na bio!
#achadinhos #achadinhosdoterra #promocao"
Pomadas Cera Caramelito 80g Infinity Looks - Modela Com Alta Fixação e Hidrata os Fios Antifriz Penteados Fox,11.89,11.89,0,https://s.shopee.com.br/8KpmCCPPbN,https://down-br.img.susercontent.com/file/br-11134207-820me-mq5h6vyiai2of8|https://down-br.img.susercontent.com/file/br-11134207-820mc-mq5gzlvx7h8hf4|https://down-br.img.susercontent.com/file/br-11134207-820ln-mq5gzlvx62o192|https://down-br.img.susercontent.com/file/br-11134207-820lx-mtfggb57ngub5b,,"Esse aqui tá quase de graça, olha só

Pomadas Cera Caramelito 80g Infinity Looks - Modela Com Alta Fixação e Hidrata os Fios Antifriz Penteados Fox por R$ 11,89

🔗 Link na bio!
#achadinhos #achadinhosdoterra #promocao"
Alicate Mola Dupla De Cortar Unha Curvado Profissional Aço Inox Manicure Pedicure Podologia De Unha MSFILM,9.99,9.99,0,https://s.shopee.com.br/8AWLztQ2wM,https://down-br.img.susercontent.com/file/sg-11134201-821d6-mgwogsagf6rt94|https://down-br.img.susercontent.com/file/sg-11134201-821ge-mgwogu7a4phm9a|https://down-br.img.susercontent.com/file/br-11134201-820lr-mr1xsrqg29dz6a|https://down-br.img.susercontent.com/file/sg-11134201-821d1-mgwogv404ykpd4,,"Pausa pro achadinho do dia

Alicate Mola Dupla De Cortar Unha Curvado Profissional Aço Inox Manicure Pedicure Podologia De Unha MSFILM por R$ 9,99

🔗 Link na bio!
#achadinhos #achadinhosdoterra #promocao"
Protetor Impermeável para Colchão SUPER SILENCIOSO 100% Impermeável Tecido Jacquard Premium Tamanhos,62.97,62.97,0,https://s.shopee.com.br/AUuNANXYmF,https://down-br.img.susercontent.com/file/br-11110105-7r98o-m0bv3ijpoktk87|https://down-br.img.susercontent.com/file/br-11134207-7r98o-luid8vxkfyqca0|https://down-br.img.susercontent.com/file/br-11134207-7r98o-luid8vxkk6fo5e|https://down-br.img.susercontent.com/file/br-11134207-7r98o-luid8vxkek5w51|https://down-br.img.susercontent.com/file/br-11134207-7r98o-luid8vxkmzkk23,,"Achei isso e vim correndo avisar vocês

Protetor Impermeável para Colchão SUPER SILENCIOSO 100% Impermeável Tecido Jacquard Premium Tamanhos por R$ 62,97

🔗 Link na bio!
#achadinhos #achadinhosdoterra #promocao"
Balança Bioimpedancia Digital Bluetooth Corporal até 180kg Resultado Pelo Celular,31.89,31.89,0,https://s.shopee.com.br/1Akf5BX5E,https://down-br.img.susercontent.com/file/br-11110105-7r98o-m04q70yh733c28|https://down-br.img.susercontent.com/file/br-11134207-820mc-mrm1d5ophc0654|https://down-br.img.susercontent.com/file/br-11134207-81ztc-mjivekrd143ld8|https://down-br.img.susercontent.com/file/br-11134207-7r98o-m04q1ausvcn110|https://down-br.img.susercontent.com/file/br-11134207-81ztc-mjivekrd3x8h95,https://down-zl-br.vod.susercontent.com/api/v4/11110105/mms/br-11110105-6kfko-m04q6ujwmyt903.16000081726244463.mp4,"Não acreditei quando vi o preço desse aqui

Balança Bioimpedancia Digital Bluetooth Corporal até 180kg Resultado Pelo Celular por R$ 31,89

🔗 Link na bio!
#achadinhos #achadinhosdoterra #promocao"
Batedor Misturador Mixer Elétrico para Bebidas Leite Café Clara de Ovo 2 em 1 taobiju,15.99,15.99,0,https://s.shopee.com.br/BUArOAtkH,https://down-br.img.susercontent.com/file/br-11134207-81z1k-me30svo6rzsz62|https://down-br.img.susercontent.com/file/br-11134207-7r98o-m9ahw6o4njnd07|https://down-br.img.susercontent.com/file/br-11134207-7r98o-m9ahw6o4rrcp97|https://down-br.img.susercontent.com/file/br-11134207-7r98o-m9ahw6o4vz214e|https://down-br.img.susercontent.com/file/br-11134207-7r98o-m9ahw6o4t5x585,,"Esse aqui tá quase de graça, olha só

Batedor Misturador Mixer Elétrico para Bebidas Leite Café Clara de Ovo 2 em 1 taobiju por R$ 15,99

🔗 Link na bio!
#achadinhos #achadinhosdoterra #promocao"
Creme Gel Regenerador Facial Gota de Colágeno Kokeshi 45g,34.90,34.90,0,https://s.shopee.com.br/W71G09d4N,https://down-br.img.susercontent.com/file/br-11134207-820lp-mrvgs50iy8zr1f|https://down-br.img.susercontent.com/file/br-11134207-820lg-mrvgs50iwufb2a|https://down-br.img.susercontent.com/file/br-11134207-820lx-mrvgs50iznk791|https://down-br.img.susercontent.com/file/br-11134207-820le-mrvgs50ivfuv15,,"Pausa pro achadinho do dia

Creme Gel Regenerador Facial Gota de Colágeno Kokeshi 45g por R$ 34,90

🔗 Link na bio!
#achadinhos #achadinhosdoterra #promocao"
"Kit Limpador Pastilha de máquina de lavar roupa, comprimido efervescente sólido para remover manchas【】",8.59,8.59,0,https://s.shopee.com.br/gQRSJ8zjQ,https://down-br.img.susercontent.com/file/sg-11134201-7rdwt-mcjqjjrew9uu86|https://down-br.img.susercontent.com/file/sg-11134201-7rdw8-mcjqjkgxux2e07|https://down-br.img.susercontent.com/file/sg-11134201-7rdwd-mcjqjl52x12rb8|https://down-br.img.susercontent.com/file/sg-11134201-7rdwe-mcjqjlthx9am4c,,"Gente, olha esse preço

Kit Limpador Pastilha de máquina de lavar roupa, comprimido efervescente sólido para remover manchas【】 por R$ 8,59

🔗 Link na bio!
#achadinhos #achadinhosdoterra #promocao"
Máquina de Cortar Cabelo Dragão Aparador de Barba Masculino Sem Fio USB,19.98,19.98,0,https://s.shopee.com.br/qjrec8MOT,https://down-br.img.susercontent.com/file/br-11134207-820m9-mnqfxvmmdwjo82|https://down-br.img.susercontent.com/file/sg-11134201-825zq-mjis1sxq3keb90|https://down-br.img.susercontent.com/file/br-11134207-820ln-mnqfxvmmb3es9a|https://down-br.img.susercontent.com/file/br-11134207-820le-mnqfxvmm6vpg62,,"Separei mais um achadinho pra vocês

Máquina de Cortar Cabelo Dragão Aparador de Barba Masculino Sem Fio USB por R$ 19,98

🔗 Link na bio!
#achadinhos #achadinhosdoterra #promocao"
"Meias Femininas Originais Para Homens E Mulheres-Pacote De 3 Pares | Algodão Respirável Com Padrões Delicados (Preto , B",14.28,14.28,0,https://s.shopee.com.br/1BMi3E75iZ,https://down-br.img.susercontent.com/file/br-11134258-820m5-ml8a34rlu7t287|https://down-br.img.susercontent.com/file/sg-11134301-8258r-mqr0qmm26qz28d|https://down-br.img.susercontent.com/file/sg-11134301-81zvt-miv27xbqw1zae8|https://down-br.img.susercontent.com/file/sg-11134301-81zvj-miv2h1ldo07537|https://down-br.img.susercontent.com/file/sg-11134301-81ztv-miv2h1nzutj627,,"Esse eu já quase comprei

Meias Femininas Originais Para Homens E Mulheres-Pacote De 3 Pares | Algodão Respirável Com Padrões Delicados (Preto , B por R$ 14,28

🔗 Link na bio!
#achadinhos #achadinhosdoterra #promocao"
CALÇA leggings feminino  JACQUARD  mesclas tecido linho com cinto fixo com muito elastano,59.99,59.99,0,https://s.shopee.com.br/1Lg8FX6SNc,https://down-br.img.susercontent.com/file/br-11110105-7r98o-m0c0fy6ryihl13|https://down-br.img.susercontent.com/file/br-11134207-7r98o-m0c089fuwa6954|https://down-br.img.susercontent.com/file/br-11134207-820m7-mnx5zqlwqry84e|https://down-br.img.susercontent.com/file/br-11134207-820ls-mnx5zqlwtl347a|https://down-br.img.susercontent.com/file/br-11134207-820l4-mt739wvstw5h84,,"Achei isso e vim correndo avisar vocês

CALÇA leggings feminino  JACQUARD  mesclas tecido linho com cinto fixo com muito elastano por R$ 59,99

🔗 Link na bio!
#achadinhos #achadinhosdoterra #promocao"
Percarbonato de Sódio 100% Puro Tira Manchas Roupas Brancas e Coloridas Limpeza em Geral,16.49,16.49,0,https://s.shopee.com.br/1VzYRq5p2f,https://down-br.img.susercontent.com/file/br-11134207-820mb-mqdb9to75udd59|https://down-br.img.susercontent.com/file/br-11134207-820m8-mqdb9tolbrb6cb|https://down-br.img.susercontent.com/file/br-11134207-820l7-mqdb9told5vmf8|https://down-br.img.susercontent.com/file/br-11134207-820me-mli6nhr9zgn8d6,,"Não acreditei quando vi o preço desse aqui

Percarbonato de Sódio 100% Puro Tira Manchas Roupas Brancas e Coloridas Limpeza em Geral por R$ 16,49

🔗 Link na bio!
#achadinhos #achadinhosdoterra #promocao"
Oxímetro de Dedo Digital Portátil | Medidor de Oxigênio SpO2 e Frequência Cardíaca com Tela LED Colorida,13.49,13.49,0,https://s.shopee.com.br/1gIye95Bhi,https://down-br.img.susercontent.com/file/sg-11134201-7rfhq-m94jsi5hwaol47|https://down-br.img.susercontent.com/file/sg-11134201-7rfgy-m94jsjq3k3tl80|https://down-br.img.susercontent.com/file/sg-11134201-7rfg0-m94jsm2q49ex4b|https://down-br.img.susercontent.com/file/sg-11134201-7rfhv-m94jsnnbtdk755|https://down-br.img.susercontent.com/file/sg-11134201-7rfez-m94jspdrbfo5df,,"Esse aqui tá quase de graça, olha só

Oxímetro de Dedo Digital Portátil | Medidor de Oxigênio SpO2 e Frequência Cardíaca com Tela LED Colorida por R$ 13,49

🔗 Link na bio!
#achadinhos #achadinhosdoterra #promocao"
Filamento Impressora 3d Print Pulse PLA SILK 1.75mm Importado Alta Qualidade de Impressao,98.90,98.90,0,https://s.shopee.com.br/1qcOqS4YMl,https://down-br.img.susercontent.com/file/br-11134207-820lp-mti856enjls119|https://down-br.img.susercontent.com/file/br-11134207-820lk-mske2krf6dc6c5|https://down-br.img.susercontent.com/file/br-11134207-820lp-mske2krf4yrq1c|https://down-br.img.susercontent.com/file/br-11134207-820le-mske2krj2u4lcb|https://down-br.img.susercontent.com/file/br-11134207-820m2-mske2krj1fk54b,,"Pausa pro achadinho do dia

Filamento Impressora 3d Print Pulse PLA SILK 1.75mm Importado Alta Qualidade de Impressao por R$ 98,90

🔗 Link na bio!
#achadinhos #achadinhosdoterra #promocao"
Papel Fotográfico 180g Glossy A4 Brilhante à Prova D'água MASTERPRINT,10.99,10.99,0,https://s.shopee.com.br/20vp2l3v1o,https://down-br.img.susercontent.com/file/br-11134207-7r98o-mdc45e0lyosh2d|https://down-br.img.susercontent.com/file/br-11134207-7r98o-mdc45e0m4b293e|https://down-br.img.susercontent.com/file/br-11134207-7r98o-mdc45e0m9xc142|https://down-br.img.susercontent.com/file/br-11134207-7r98o-mdc45e0m1hxdc7|https://down-br.img.susercontent.com/file/br-11134207-7r98o-mdc45e0mbbwh92,,"Gente, olha esse preço

Papel Fotográfico 180g Glossy A4 Brilhante à Prova D'água MASTERPRINT por R$ 10,99

🔗 Link na bio!
#achadinhos #achadinhosdoterra #promocao"
Rodo de Silicone Cabo 100CM/140CM Para Limpeza de Piso Vidros Com Gancho Secos e Molhados Uso Duplo Vassoura Mágica,19.90,19.90,0,https://s.shopee.com.br/2BFFF43Hgr,https://down-br.img.susercontent.com/file/sg-11134201-824h8-meyidaptp5agca|https://down-br.img.susercontent.com/file/sg-11134201-8257s-meyidbgva9z5de|https://down-br.img.susercontent.com/file/sg-11134201-82596-meyide1ygow2a3|https://down-br.img.susercontent.com/file/br-11134201-820ld-mr43aiq4v7k7d1,,"Separei mais um achadinho pra vocês

Rodo de Silicone Cabo 100CM/140CM Para Limpeza de Piso Vidros Com Gancho Secos e Molhados Uso Duplo Vassoura Mágica por R$ 19,90

🔗 Link na bio!
#achadinhos #achadinhosdoterra #promocao"
Pro 4 Fones De Ouvido TWS Sem Fio Bluetooth De Longa Duração Bateria Leve Portátil Com Estojo De Carregamento Para Dormi,14.71,14.71,0,https://s.shopee.com.br/2LYfRN2eLu,https://down-br.img.susercontent.com/file/br-11134258-820m5-ml8a34rlu7t287|https://down-br.img.susercontent.com/file/sg-11134301-8258h-mrvgjm1yji0yeb|https://down-br.img.susercontent.com/file/sg-11134301-821gc-mglzgn2sq87c34|https://down-br.img.susercontent.com/file/sg-11134301-825b6-mgdh4qsah3wra9|https://down-br.img.susercontent.com/file/sg-11134301-821f7-mghr4jueytjc07,,"Esse eu já quase comprei

Pro 4 Fones De Ouvido TWS Sem Fio Bluetooth De Longa Duração Bateria Leve Portátil Com Estojo De Carregamento Para Dormi por R$ 14,71

🔗 Link na bio!
#achadinhos #achadinhosdoterra #promocao"
Protetor de Porta do Carro - Amortecedor Borracha Anti Colisão,10.99,10.99,0,https://s.shopee.com.br/2Vs5dg210x,https://down-br.img.susercontent.com/file/br-11134207-820l5-msmwpjpwd8g660|https://down-br.img.susercontent.com/file/br-11134207-820la-msmwpjpwk9ae88|https://down-br.img.susercontent.com/file/br-11134207-820m6-msmwpjpwg1l2c9|https://down-br.img.susercontent.com/file/br-11134207-820lc-msmwpjpwhg5i60,https://down-ws-br.vod.susercontent.com/api/v4/11110107/mms/br-11110107-6v7ow-mslyxj24qdqe3c.16000081788306974.mp4,"Achei isso e vim correndo avisar vocês

Protetor de Porta do Carro - Amortecedor Borracha Anti Colisão por R$ 10,99

🔗 Link na bio!
#achadinhos #achadinhosdoterra #promocao"
Extensão Filtro De Linha Segurança 5 Tomadas,31.99,31.99,0,https://s.shopee.com.br/2gBVpz1Ng0,https://down-br.img.susercontent.com/file/br-11134207-7r98o-mbpmz2gbxodjd8|https://down-br.img.susercontent.com/file/br-11134207-7r98o-mbpmz2gbuv8n9d|https://down-br.img.susercontent.com/file/br-11134207-7r98o-mbpmz2gbw9t3ba,,"Não acreditei quando vi o preço desse aqui

Extensão Filtro De Linha Segurança 5 Tomadas por R$ 31,99

🔗 Link na bio!
#achadinhos #achadinhosdoterra #promocao"
"Espuma Spray Zip Clean 300ml Limpa a Seco Sofá, Estofado, Banco de Carro Limpeza Profunda",13.99,13.99,0,https://s.shopee.com.br/2qUw2I0kL3,https://down-br.img.susercontent.com/file/br-11134224-81z1k-mh9nubaawhs579|https://down-br.img.susercontent.com/file/br-11134224-81z1k-mh9nub3k39q899|https://down-br.img.susercontent.com/file/br-11134224-81z1k-mh9nubieeqkg5a|https://down-br.img.susercontent.com/file/br-11134224-81z1k-mh9nubieg54w7a,,"Esse aqui tá quase de graça, olha só

Espuma Spray Zip Clean 300ml Limpa a Seco Sofá, Estofado, Banco de Carro Limpeza Profunda por R$ 13,99

🔗 Link na bio!
#achadinhos #achadinhosdoterra #promocao"
"Fones de Ouvido X55 TWS Mini Sleep Sem Fio Bluetooth com Display LED, Som Estéreo HIFI, IPX5 à Prova d’Água e",15.58,15.58,0,https://s.shopee.com.br/30oMEb0706,https://down-br.img.susercontent.com/file/br-11134258-820m5-ml8a34rlu7t287|https://down-br.img.susercontent.com/file/sg-11134201-825aq-mry50y1zr1mo61|https://down-br.img.susercontent.com/file/sg-11134301-7rdwh-mdcosdoe02m4b5|https://down-br.img.susercontent.com/file/sg-11134301-7rdy5-md4so674q7o4e5|https://down-br.img.susercontent.com/file/sg-11134301-7rdyg-md4so62yxpmocb,,"Pausa pro achadinho do dia

Fones de Ouvido X55 TWS Mini Sleep Sem Fio Bluetooth com Display LED, Som Estéreo HIFI, IPX5 à Prova d’Água e por R$ 15,58

🔗 Link na bio!
#achadinhos #achadinhosdoterra #promocao"
Kit Dupla Renovadores Faciais Kokeshi Pele Porcelana Olhos Gueixa,39.90,39.90,0,https://s.shopee.com.br/3B7mQtzTf9,https://down-br.img.susercontent.com/file/br-11134207-820l6-mq3nf4vg8k5f75|https://down-br.img.susercontent.com/file/br-11134207-820l9-mq3nf4v40we899|https://down-br.img.susercontent.com/file/br-11134207-820lw-mq3nf4vfnhmq33|https://down-br.img.susercontent.com/file/br-11134207-820m9-mq3n8g0nyhhec6|https://down-br.img.susercontent.com/file/br-11134207-820ln-mozmq2crggsjbb,,"Gente, olha esse preço

Kit Dupla Renovadores Faciais Kokeshi Pele Porcelana Olhos Gueixa por R$ 39,90

🔗 Link na bio!
#achadinhos #achadinhosdoterra #promocao"
