titulo,preco_atual,link_afiliado,product_link
TOYADENT PRO Escova de Dental Com Cerdas Premium Alemãs da Pedex +Capa Protetora,17.90,https://s.shopee.com.br/3LRCdCyqKC,https://shopee.com.br/product/1577747933/22298716184
Sutia Nayane Rodrigues Tomara que Caia com Bojo e Aro Liso de Alta Sustentacao Push Up Confortavel,61.99,https://s.shopee.com.br/3VkcpVyCzF,https://shopee.com.br/product/800864347/19897425032
Acnezil Gel 20g,14.89,https://s.shopee.com.br/3g431oxZeI,https://shopee.com.br/product/1045085918/22397462666
Chinelo Bandeirinha Original Sandalia De Dedo Unissex Verão. Presente para o Dia dos Pais,19.90,https://s.shopee.com.br/3qNTE7wwJL,https://shopee.com.br/product/960891164/22098878065
Rodo de Silicone Para Limpeza de Piso Vidros Com Gancho Secos e Molhados Uso Duplo Vassoura Mágica,19.50,https://s.shopee.com.br/40gtQQwIyO,https://shopee.com.br/product/1210495282/21999714912
Livro de Colorir Cozy Time Ilustrações Exclusivas 48 Páginas,5.90,https://s.shopee.com.br/4B0JcjvfdR,https://shopee.com.br/product/690193229/21297991332
Pasta De Amendoim Integral Vários Sabores Maniforce,12.99,https://s.shopee.com.br/4LJjp2v2IU,https://shopee.com.br/product/409969707/8337843814
Kit 3/6/12/18 Pares de Meias Soquete Cano Curto Masculina Feminina Unissex varejo,12.99,https://s.shopee.com.br/4VdA1LuOxX,https://shopee.com.br/product/309437445/23492991813
"Mix Castanha Tropical Nuts Saudável Nozes, Amêndoas, Castanha Para/Caju Uva Passa Amendoim Gojiberry",14.99,https://s.shopee.com.br/4fwaDetlca,https://shopee.com.br/product/394192376/18971193709
JBSARA Niacinamide 20 Glow Serum 1ml 1ea,3.49,https://s.shopee.com.br/4qG0Pxt8Hd,https://shopee.com.br/product/457864097/20595061903
Kinq Gel Removedor De cutículas 100ml 15Segundos CORA,13.93,https://s.shopee.com.br/50ZQcGsUwg,https://shopee.com.br/product/849876710/23397421377
Percarbonato de Sódio Original Limpeza Remove Manchas Desinfeta e Clareia Roupas Brancas,7.99,https://s.shopee.com.br/5AsqoZrrbj,https://shopee.com.br/product/967211054/58200187474
Elástico Extensor de Exercícios Pull Reducer Multi Função Academia Em Casa Uso Profissional,19.50,https://s.shopee.com.br/5VVhDBqavo,https://shopee.com.br/product/1840627515/58261885368
2026 Nova Série 8 Relógio T800 Ultra Smart Watch Esportivo Sem Fio À Prova D'água T800 Ultra2 MAX,45.88,https://s.shopee.com.br/5LCH0srEGn,https://shopee.com.br/product/1180920205/22093160276
Capa Protetor de Colchão Box Matelado Impermeável Varias Cores Promoção,33.90,https://s.shopee.com.br/5q8XbnpKFu,https://shopee.com.br/product/296363855/22197552043
Escova De Ventilador Microfibra Flexível Dobrável Removedor De Poeira Multiuso Para Ar Condicionado E Janela,11.99,https://s.shopee.com.br/5fp7PUpxat,https://shopee.com.br/product/1574625104/22099446382
Creme Para Pentear Definição Natural 1kg,37.50,https://s.shopee.com.br/6AlO0Po3a0,https://shopee.com.br/product/616222685/22895570776
Rastreador AirTag Smart Tag Localizador GPS para Mala-Automóveis-Pet-Criança Sem Limite de Distância,17.89,https://s.shopee.com.br/60Rxo6oguz,https://shopee.com.br/product/447393034/18498281829
Vários modelos com Kit de 24 meia cano alto 100% algodão soquete Cano Curto Masculina Feminina Unissex direto da fabrica,30.55,https://s.shopee.com.br/6VOEP1mmu6,https://shopee.com.br/product/420836026/42605947566
Varal De Chão 3 Andares Roupa Calcinha Dobrável Grade Reforçado com 4 Rodas Portátil e Compacto,89.78,https://s.shopee.com.br/6L4oCinQF5,https://shopee.com.br/product/330139332/22698677025
Calça Pantalona Feminina Cintura Alta  Com Bolso Tecido Duna,29.90,https://s.shopee.com.br/6q14ndlWEC,https://shopee.com.br/product/1157950131/22697383155
ANA1108 Grande Alicate cortador de unhas Aço,11.98,https://s.shopee.com.br/6fhebKm9ZB,https://shopee.com.br/product/1634417127/22898917837
1 Par Capa Protetora De Sapatos/Botas De Chuva De Silicone Reutilizável Antiderrapante M Promoção,21.99,https://s.shopee.com.br/7AdvCFkFYI,https://shopee.com.br/product/832040275/20133655928
Kit 10 Petisqueira Barquinha Canoa Petiscos Churrasco Festa Frios Para Servir Amendoim Caldo Branca,19.94,https://s.shopee.com.br/70KUzwkstH,https://shopee.com.br/product/1265597786/22698377160
Fita Adesiva Super Forte Powerful Gridding Dupla Face 5mX3cm,11.99,https://s.shopee.com.br/7VGlariysO,https://shopee.com.br/product/1429781525/23898761446
Capa De Chuva Moto Motoqueiro Impermeável Reforçada,41.99,https://s.shopee.com.br/7KxLOYjcDN,https://shopee.com.br/product/408653169/41619217982
Mop Girátorio Cleaner Profissional – Balde com Centrífuga 14L + Refil Duplo e Cabo Reforçado - MN,69.90,https://s.shopee.com.br/7ptbzThiCU,https://shopee.com.br/product/1520942179/20498140657
Jogo De Lençol Todos os Tamanhos Cama Box Solteiro Casal Queen King 02 e 03 Peças,25.90,https://s.shopee.com.br/7faBnAiLXT,https://shopee.com.br/product/419111099/23393729993
Balança Digital De Vidro até 180Kg Portátil Corporal,30.93,https://s.shopee.com.br/8AWSO5gRWa,https://shopee.com.br/product/408653169/22693688637
1/2/5 Suporte De Parede Multifuncional Caixa De Armazenamento Casa Para Carregar Remoto Um Slot Organizadores para Casa,9.90,https://s.shopee.com.br/80D2Bmh4rZ,https://shopee.com.br/product/832040275/23096150316
Kit 2PCS Faca de Frutas Faca Cutelo Churrasco Carne de Cozinha Faca para Cortar Churrasco Com Bainha,13.33,https://s.shopee.com.br/8V9ImhfAqg,https://shopee.com.br/product/1588652179/23399440017
Jogo C/ 4 ou 2 Travesseiro Pluma de Ganso Confortavel e Macio Antiacaro 50x70cm,30.98,https://s.shopee.com.br/8KpsaOfoBf,https://shopee.com.br/product/1662989296/58200253216
Revestimento Ripado Autocolante de EVA Flexivel Rolo,35.90,https://s.shopee.com.br/8pm9BJduAm,https://shopee.com.br/product/695249516/22494186665
KIT6/12/24PCSMini brinquedo colorido de mola maluca barato de plástico para meninos e meninas,10.99,https://s.shopee.com.br/8fSiz0eXVl,https://shopee.com.br/product/1076565213/22595172854
"Parafusadeira Furadeira 48V Íon-Lítio Sem Fio, 2 Baterias, Maleta Resistente e Kit Completo de Acessórios",99.96,https://s.shopee.com.br/9AOzZvcdUs,https://shopee.com.br/product/1659075324/57863165599
Pistola de Massagem Muscular Portátil Elétrica Profissional Recarregável USB com Múltiplas Ponteiras para Relaxamento,29.00,https://s.shopee.com.br/905ZNcdGpr,https://shopee.com.br/product/391739739/17460396643
Capa De Cadeira Lisas Kit Com 2 4 E 6 Capas Com Elástico,19.90,https://s.shopee.com.br/9V1pyXbMoy,https://shopee.com.br/product/337287596/23498317667
Organizador Prateleira Diamante Acrílico Porta Maquiagem Beleza linhas,24.99,https://s.shopee.com.br/9KiPmEc09x,https://shopee.com.br/product/1508524367/58252152185
Creatina Monohidratada - Growth Supplements - Sem sabor em pó,45.90,https://s.shopee.com.br/9pegN9a694,https://shopee.com.br/product/1876581966/54166806189
Extensor Elástico Exercícios Academia Ginástica Tensão Forte Faixa Resistência com Corda para Puxar,19.90,https://s.shopee.com.br/9fLGAqajU3,https://shopee.com.br/product/1839780697/22999518877
Forma de Sorvete Molde de Picolé de Silicone Com Tampa + 50 Palitos,12.47,https://s.shopee.com.br/AAHWllYpTA,https://shopee.com.br/product/1840451022/58213526474
Mix Tropical Nuts 1Kg Castanha de Caju do Pará Amendoa Nozes Uva Passa Amendoim Gojiberry P&P,39.99,https://s.shopee.com.br/9zy6ZSZSo9,https://shopee.com.br/product/394192376/21065270721
Tapete de Banheiro Antiderrapante Bolinha Macarrão Várias Cores,14.90,https://s.shopee.com.br/AUuNANXYnG,https://shopee.com.br/product/322387387/21034795993
"Bola De Estresse De Bolinho Grande Com Vaporizador Colorido Brinquedo Sensorial De Pão Mole Para Alívio De Ansiedade , M",19.99,https://s.shopee.com.br/AKawy4YC8F,https://shopee.com.br/product/1267520530/46910750361
Mulheres com Deus - 365 Dias de Fé - Devocional,17.94,https://s.shopee.com.br/BUArOAtlI,https://shopee.com.br/product/482840775/41158748466
1/2/5 Pcs Adesivo Sem Furos Suporte De Parede Multifuncional Design Caixa De Armazenamento Controle Remoto Multiuso,9.90,https://s.shopee.com.br/1Akf5BX6H,https://shopee.com.br/product/569114904/23424377802
Daily T-shirt Insider,91.80,https://s.shopee.com.br/W71G09d5O,https://shopee.com.br/product/1462595809/23793879757
Conjunto 2/3/5/10 Potes 370/640/1040ml Vidro Hermético Mantimentos Marmita Fitness,19.10,https://s.shopee.com.br/Lnb3hAGQN,https://shopee.com.br/product/1345719405/20999381894
Principia Gel de Limpeza Suave - GL-02 c/ 200g,39.00,https://s.shopee.com.br/gQRSJ8zkT,https://shopee.com.br/product/373261329/44074380649
Varal 40 Prendedores Para Roupa Intima Para Calcinha Meia Cueca Reforçado inox 08/10/20/60 Prendedores,13.88,https://s.shopee.com.br/1BMi3E75ja,https://shopee.com.br/product/1509457209/40251350341
Jogo de Lençol 400 Fios Cama Solteiro Casal Queen King E Berço Micropercal Ponto Palito,29.99,https://s.shopee.com.br/113Hqv7j4Z,https://shopee.com.br/product/1168608130/22298032643
Bermuda Modeladora Anágua Cinta Short Feminino Modelador Alta Compressão Reduz Medidas pos parto,20.96,https://s.shopee.com.br/1VzYRq5p3g,https://shopee.com.br/product/445101578/23193518683
"Clareador De Axilas, Virilhas, Corporal e Íntimo - Clear Beauty",23.99,https://s.shopee.com.br/1Lg8FX6SOf,https://shopee.com.br/product/1220447560/21699840214
Kit 6/12/18/24 Panos De Limpeza  Premium Arear Panela Fogão Toalha Louça Tira Gordura Reutilizável,10.00,https://s.shopee.com.br/1qcOqS4YNm,https://shopee.com.br/product/1429781525/23394276680
Jogo de Lençol Cama Box 400 Fios Micropercal Toque Macio e Suave com elástico e detalhe em Ponto Palito,25.90,https://s.shopee.com.br/1gIye95Bil,https://shopee.com.br/product/419111099/23798193527
Mini Aspirador de Pó Portátil Automotivo Casa Sem Fio 3 em 1 Recarregável Potente 6000Pa,26.98,https://s.shopee.com.br/2BFFF43Hhs,https://shopee.com.br/product/872424585/23093489477
"Conjunto De Retoque De Cabelo 2 Em 1 , Cobertura Instantânea De Cinzas E Linhas Finas Perfeitas , À Prova D'água , De Lo",8.39,https://s.shopee.com.br/20vp2l3v2r,https://shopee.com.br/product/1006215031/40313760336
Fatiador Profissional Multifuncional De Aço Inoxidável 16 Em 1 Para Vegetais/Frutas/Legumes,34.99,https://s.shopee.com.br/2Vs5dg211y,https://shopee.com.br/product/1357069533/22594205202
Capa Chuva com Gabardina grossa e comprida transparente reforçada reutilizável,14.98,https://s.shopee.com.br/2LYfRN2eMx,https://shopee.com.br/product/372103398/18299214844
Capa Recarregável para Telefone - À Prova D'água Bolsa Protetora Bateria Integrada Tela Sensível,9.00,https://s.shopee.com.br/2qUw2I0kM4,https://shopee.com.br/product/1351555956/22094787163
Chave T Longa 10mm + Pastilha para Abrir Agitador de Máquina de Lavar – Uso Universal,12.99,https://s.shopee.com.br/2gBVpz1Nh3,https://shopee.com.br/product/1099068336/58251084924
Hidratante Labial Carmed Crystal Pink Rose Gold Dentadura Beijo Banana Beijinho Rosa Glitter,11.99,https://s.shopee.com.br/3B7mQtzTgA,https://shopee.com.br/product/1045085918/20997654582
24 Pcs LouçA De Aço InoxidáVel Colher De Sobremesa Dourada / Luxuoso,44.30,https://s.shopee.com.br/30oMEb0719,https://shopee.com.br/product/1007379684/23193574821
1 Rosa/Preto/Azul Cesto De Roupa Caixa Dobrável Para Armazenagem E Organização De Vestuário Brinquedos,14.59,https://s.shopee.com.br/3VkcpVyD0G,https://shopee.com.br/product/832040275/22495754071
24 PÇS Azul/Rosa Conjunto de Saco de Confeiteira de Silicone com Bico para Decoração com Creme / Confeitaria / Açúcar,12.99,https://s.shopee.com.br/3LRCdCyqLF,https://shopee.com.br/product/711871061/14163502034
Régua Filtro de Linha com 7 Tomadas Extensão Elétrica 1 Universal 4 USB Bivolt 10A 110v/220v Cabo de 2 Metros Seguro e confiável,32.99,https://s.shopee.com.br/3qNTE7wwKM,https://shopee.com.br/product/728534865/23492630391
Varal De Chão Com Abas Reforçado Dobrável Aço Secalux 12kg Varal de Apartamento Retratil,59.90,https://s.shopee.com.br/3g431oxZfL,https://shopee.com.br/product/659727139/58251353658
Kit Cabides Veludo Para Roupas Adulto 50 Unidades Fino Resistente,99.90,https://s.shopee.com.br/4B0JcjvfeS,https://shopee.com.br/product/325008325/22018061082
Caneta de Sobrancelha Fio a Fio 4 Pontas Microblading À Prova D'Água Preenche Falhas Natural,9.99,https://s.shopee.com.br/40gtQQwIzR,https://shopee.com.br/product/922783555/23698311645
Sutiã Com Alcinha Alta Sustentação Com Bojo Removível Conforto - Sutia Import Afil,19.99,https://s.shopee.com.br/4VdA1LuOyY,https://shopee.com.br/product/1403214375/22098708423
Arranjo c/ 3 Trepadeira Folha de HERA + Vaso Trançado Marrom,16.99,https://s.shopee.com.br/4LJjp2v2JX,https://shopee.com.br/product/1454188932/22993711209
Pote Hermético 2.5L Com Copo Medidor Bico Dosador Cozinha Mantimentos Lavanderia Multiuso Organizado,17.88,https://s.shopee.com.br/4qG0Pxt8Ie,https://shopee.com.br/product/392545055/21399888983
Kit Percarbonato Calisul 1kg + Preto Intenso ANS 1kg Tira Manchas Sem Cloro Roupas Brancas Pretas Coloridas,39.99,https://s.shopee.com.br/4fwaDetldd,https://shopee.com.br/product/761647073/58213989057
Carregador iPhone Turbo Tipo-C 20W + Cabo Lightining para IPhone Carga rápida,23.99,https://s.shopee.com.br/5AsqoZrrck,https://shopee.com.br/product/390307022/22392685500
Cinta Modeladora Espartilho De Emagrecimento-ENVIO IMEDIATO --8888,23.80,https://s.shopee.com.br/50ZQcGsUxj,https://shopee.com.br/product/430550829/12958829882
calça jeans feminina marmorizada com Lycra empina bumbum,47.99,https://s.shopee.com.br/5fp7PUpxbs,https://shopee.com.br/product/540093765/20297975696
Revestimento Ripado Autocolante de EVA Flexivel Rolo,35.80,https://s.shopee.com.br/5q8XbnpKGv,https://shopee.com.br/product/330103771/23898778140
