data_publicacao,tipo,titulo,preco_atual,preco_anterior,desconto_pct,link,imagem,post_id
2026-09-23,feed,Percarbonato 100% Puro Tira Manchas Roupas Brancas e Coloridas,17.90,59.67,70,https://s.shopee.com.br/905RU0QDdj,https://raw.githubusercontent.com/charlysthonadm-cpu/achadinhosdoterra/main/imagens_geradas/percarbonato-100-puro-tira-manchas-roupas-brancas-e-colorida-1790214750.jpg,18029791682885328
2026-09-24,feed,Utensílios Silicone Cozinha Antiaderente Fácil Limpeza Alta Resistência,18.61,88.62,79,https://s.shopee.com.br/1AclV6brx,https://raw.githubusercontent.com/achadinhosdoterra/achadinhosdoterra.github.io/main/imagens_geradas/utens-lios-silicone-cozinha-antiaderente-f-cil-limpeza-alta--1790291200-0.jpg,18037004513840276
2026-09-24,feed,Kits de Meias Soquete Unissex Premium Masculina e Feminina,10.99,10.99,0,https://s.shopee.com.br/9V1i4wbJgL,https://raw.githubusercontent.com/achadinhosdoterra/achadinhosdoterra.github.io/main/imagens_geradas/kits-de-meias-soquete-unissex-premium-masculina-e-feminina-1790291314-0.jpg,18337970410285274
2026-09-24,story,Utensílios Silicone Cozinha Antiaderente Fácil Limpeza Alta Resistência,18.61,88.62,79,https://s.shopee.com.br/1AclV6brx,https://raw.githubusercontent.com/achadinhosdoterra/achadinhosdoterra.github.io/main/stories_geradas/utens-lios-silicone-cozinha-antiaderente-f-cil-limpeza-alta--1790291403.jpg,18419446312157921
2026-09-24,story,Utensílios Silicone Cozinha Antiaderente Fácil Limpeza Alta Resistência,18.61,88.62,79,https://s.shopee.com.br/1AclV6brx,https://raw.githubusercontent.com/achadinhosdoterra/achadinhosdoterra.github.io/main/stories_geradas/utens-lios-silicone-cozinha-antiaderente-f-cil-limpeza-alta--1790291484.jpg,18460683166190173
2026-09-24,feed,Carregador Portátil Mini Power Bank 10000mAh Com 02 Saídas Tipo-C / Lightning,31.99,31.99,0,https://s.shopee.com.br/6VO80pWOJJ,https://raw.githubusercontent.com/achadinhosdoterra/achadinhosdoterra.github.io/main/imagens_geradas/carregador-port-til-mini-power-bank-10000mah-com-02-sa-das-t-1790293031-0.jpg,18128072605789349
2026-09-24,feed,"Caixa de Som Bluetooth Portátil Com Led RGB FM USB TWS 30W Para Praia, Festa ou Viagem",99.99,99.99,0,https://s.shopee.com.br/1AeGsv8VX,https://raw.githubusercontent.com/achadinhosdoterra/achadinhosdoterra.github.io/main/imagens_geradas/caixa-de-som-bluetooth-port-til-com-led-rgb-fm-usb-tws-30w-p-1790293104-0.jpg,17901681684596544
2026-09-24,feed,Fone de Ouvido Sem Fio Com Cancelamento de Ruído Bluetooth Pop-Up,59.99,59.99,0,https://s.shopee.com.br/1gIsFwon6e,https://raw.githubusercontent.com/achadinhosdoterra/achadinhosdoterra.github.io/main/imagens_geradas/fone-de-ouvido-sem-fio-com-cancelamento-de-ru-do-bluetooth-p-1790293172-0.jpg,18010352138766526
2026-09-24,feed,"Massageador de Pescoço e Ombros Portátil 3D Com Calor, Relaxante",113.99,113.99,0,https://s.shopee.com.br/gQL46sb9j,https://raw.githubusercontent.com/achadinhosdoterra/achadinhosdoterra.github.io/main/imagens_geradas/massageador-de-pesco-o-e-ombros-port-til-3d-com-calor-relaxa-1790293250-0.jpg,18626509402000747
2026-09-24,feed,Relógio Smartwatch T800 Ultra 2 Max Esportivo Sem Fio à Prova D'água,45.88,45.88,0,https://s.shopee.com.br/2gBPRmkz5n,https://raw.githubusercontent.com/achadinhosdoterra/achadinhosdoterra.github.io/main/imagens_geradas/rel-gio-smartwatch-t800-ultra-2-max-esportivo-sem-fio-prova--1790293321-0.jpg,18347519185271605
2026-09-24,feed,Guarda-Chuva Automático Alta Resistência a Chuva e Vento Forte Com Proteção UV,26.99,26.99,0,https://s.shopee.com.br/qjlGPrxok,https://raw.githubusercontent.com/achadinhosdoterra/achadinhosdoterra.github.io/main/imagens_geradas/guarda-chuva-autom-tico-alta-resist-ncia-a-chuva-e-vento-for-1790293398-0.jpg,17985293114882628
2026-09-24,story,Kits de Meias Soquete Unissex Premium Masculina e Feminina,10.99,10.99,0,https://s.shopee.com.br/9V1i4wbJgL,https://raw.githubusercontent.com/achadinhosdoterra/achadinhosdoterra.github.io/main/stories_geradas/kits-de-meias-soquete-unissex-premium-masculina-e-feminina-1790293764.jpg,18175375117448427
2026-09-25,story,Carregador Portátil Mini Power Bank 10000mAh Com 02 Saídas Tipo-C / Lightning,31.99,31.99,0,https://s.shopee.com.br/6VO80pWOJJ,https://raw.githubusercontent.com/achadinhosdoterra/achadinhosdoterra.github.io/main/stories_geradas/carregador-port-til-mini-power-bank-10000mah-com-02-sa-das-t-1790295150.jpg,18070633940505469
2026-09-25,feed,Protetor De Sapato Impermeável De Silicone Capa de Chuva Para Tênis,11.90,11.90,0,https://s.shopee.com.br/9peZyxJhXV,https://raw.githubusercontent.com/achadinhosdoterra/achadinhosdoterra.github.io/main/imagens_geradas/protetor-de-sapato-imperme-vel-de-silicone-capa-de-chuva-par-1790295914-0.jpg,18338119996275234
2026-09-25,story,Protetor De Sapato Impermeável De Silicone Capa de Chuva Para Tênis,11.90,11.90,0,https://s.shopee.com.br/9peZyxJhXV,https://raw.githubusercontent.com/achadinhosdoterra/achadinhosdoterra.github.io/main/stories_geradas/protetor-de-sapato-imperme-vel-de-silicone-capa-de-chuva-par-1790302085.jpg,18219495379340904
2026-09-25,feed,Caixinha De Som Bluetooth Potente Pendrive FM SD Portátil IPX6,61.90,61.90,0,https://s.shopee.com.br/6q0yPRV7dD,https://raw.githubusercontent.com/achadinhosdoterra/achadinhosdoterra.github.io/main/imagens_geradas/caixinha-de-som-bluetooth-potente-pendrive-fm-sd-port-til-ip-1790338118-0.jpg,18098313071641386
2026-09-25,story,Caixinha De Som Bluetooth Potente Pendrive FM SD Portátil IPX6,61.90,61.90,0,https://s.shopee.com.br/6q0yPRV7dD,https://raw.githubusercontent.com/achadinhosdoterra/achadinhosdoterra.github.io/main/stories_geradas/caixinha-de-som-bluetooth-potente-pendrive-fm-sd-port-til-ip-1790338248.jpg,18625908916001686
2026-09-25,story,"Caixa de Som Bluetooth Portátil Com Led RGB FM USB TWS 30W Para Praia, Festa ou Viagem",99.99,99.99,0,https://s.shopee.com.br/1AeGsv8VX,https://raw.githubusercontent.com/achadinhosdoterra/achadinhosdoterra.github.io/main/stories_geradas/caixa-de-som-bluetooth-port-til-com-led-rgb-fm-usb-tws-30w-p-1790345375.jpg,18118673956788200
2026-09-25,feed,Kit Umidificador Atomizador De Ar Doméstico Portátil + 3 Essências,27.97,27.97,0,https://s.shopee.com.br/80CvnaQgHL,https://raw.githubusercontent.com/achadinhosdoterra/achadinhosdoterra.github.io/main/imagens_geradas/kit-umidificador-atomizador-de-ar-dom-stico-port-til-3-ess-n-1790352443-0.jpg,17973513897134806
2026-09-25,story,Kit Umidificador Atomizador De Ar Doméstico Portátil + 3 Essências,27.97,27.97,0,https://s.shopee.com.br/80CvnaQgHL,https://raw.githubusercontent.com/achadinhosdoterra/achadinhosdoterra.github.io/main/stories_geradas/kit-umidificador-atomizador-de-ar-dom-stico-port-til-3-ess-n-1790352554.jpg,18345231325270377
2026-09-25,story,Fone de Ouvido Sem Fio Com Cancelamento de Ruído Bluetooth Pop-Up,59.99,59.99,0,https://s.shopee.com.br/1gIsFwon6e,https://raw.githubusercontent.com/achadinhosdoterra/achadinhosdoterra.github.io/main/stories_geradas/fone-de-ouvido-sem-fio-com-cancelamento-de-ru-do-bluetooth-p-1790359768.jpg,18628884637042572
2026-09-25,feed,Escova Onda Finalizadora Beauty Flash Definição de Cachos Cabelo Cacheado,9.90,9.90,0,https://s.shopee.com.br/3qNMpvgXj2,https://raw.githubusercontent.com/achadinhosdoterra/achadinhosdoterra.github.io/main/imagens_geradas/escova-onda-finalizadora-beauty-flash-defini-o-de-cachos-cab-1790366781-0.jpg,18143295631594441
2026-09-25,story,Escova Onda Finalizadora Beauty Flash Definição de Cachos Cabelo Cacheado,9.90,9.90,0,https://s.shopee.com.br/3qNMpvgXj2,https://raw.githubusercontent.com/achadinhosdoterra/achadinhosdoterra.github.io/main/stories_geradas/escova-onda-finalizadora-beauty-flash-defini-o-de-cachos-cab-1790366878.jpg,18129369058776664
2026-09-25,story,"Massageador de Pescoço e Ombros Portátil 3D Com Calor, Relaxante",113.99,113.99,0,https://s.shopee.com.br/gQL46sb9j,https://raw.githubusercontent.com/achadinhosdoterra/achadinhosdoterra.github.io/main/stories_geradas/massageador-de-pesco-o-e-ombros-port-til-3d-com-calor-relaxa-1790374106.jpg,18072486197774495
2026-09-25,feed,Bota Coturno Masculino Adventure De Qualidade e Barato,49.80,49.80,0,https://s.shopee.com.br/AKaqZsHnWe,https://raw.githubusercontent.com/achadinhosdoterra/achadinhosdoterra.github.io/main/imagens_geradas/bota-coturno-masculino-adventure-de-qualidade-e-barato-1790377575-0.jpg,18121051705911406
2026-09-26,story,Bota Coturno Masculino Adventure De Qualidade e Barato,49.80,49.80,0,https://s.shopee.com.br/AKaqZsHnWe,https://raw.githubusercontent.com/achadinhosdoterra/achadinhosdoterra.github.io/main/stories_geradas/bota-coturno-masculino-adventure-de-qualidade-e-barato-1790381456.jpg,18021152219867776
2026-09-26,story,Relógio Smartwatch T800 Ultra 2 Max Esportivo Sem Fio à Prova D'água,45.88,45.88,0,https://s.shopee.com.br/2gBPRmkz5n,https://raw.githubusercontent.com/achadinhosdoterra/achadinhosdoterra.github.io/main/stories_geradas/rel-gio-smartwatch-t800-ultra-2-max-esportivo-sem-fio-prova--1790388490.jpg,18177224491444846
2026-09-26,feed,Brinquedo Inteligente Recarregável para Gatos com Bola Automática,10.50,10.50,0,https://s.shopee.com.br/2gBPRmkz4k,https://raw.githubusercontent.com/achadinhosdoterra/achadinhosdoterra.github.io/main/imagens_geradas/brinquedo-inteligente-recarreg-vel-para-gatos-com-bola-autom-1790424484-0.jpg,18127491565876071
2026-09-26,story,Brinquedo Inteligente Recarregável para Gatos com Bola Automática,10.50,10.50,0,https://s.shopee.com.br/2gBPRmkz4k,https://raw.githubusercontent.com/achadinhosdoterra/achadinhosdoterra.github.io/main/stories_geradas/brinquedo-inteligente-recarreg-vel-para-gatos-com-bola-autom-1790424597.jpg,18077238284396064
2026-09-26,story,Guarda-Chuva Automático Alta Resistência a Chuva e Vento Forte Com Proteção UV,26.99,26.99,0,https://s.shopee.com.br/qjlGPrxok,https://raw.githubusercontent.com/achadinhosdoterra/achadinhosdoterra.github.io/main/stories_geradas/guarda-chuva-autom-tico-alta-resist-ncia-a-chuva-e-vento-for-1790431710.jpg,18115442602886594
2026-09-26,feed,Palmilha Ortopédica Em Gel PU Anatômica,14.90,14.90,0,https://s.shopee.com.br/3VkWRJhoP0,https://raw.githubusercontent.com/achadinhosdoterra/achadinhosdoterra.github.io/main/imagens_geradas/palmilha-ortop-dica-em-gel-pu-anat-mica-1790438834-0.jpg,18072438584725146
2026-09-26,story,Palmilha Ortopédica Em Gel PU Anatômica,14.90,14.90,0,https://s.shopee.com.br/3VkWRJhoP0,https://raw.githubusercontent.com/achadinhosdoterra/achadinhosdoterra.github.io/main/stories_geradas/palmilha-ortop-dica-em-gel-pu-anat-mica-1790438916.jpg,17951191134269275
2026-09-26,story,Percarbonato 100% Puro Tira Manchas Roupas Brancas e Coloridas,17.90,59.67,70,https://s.shopee.com.br/905RU0QDdj,https://raw.githubusercontent.com/achadinhosdoterra/achadinhosdoterra.github.io/main/stories_geradas/percarbonato-100-puro-tira-manchas-roupas-brancas-e-colorida-1790446187.jpg,18622385119049369
2026-09-26,feed,Chinelo Masculino Adulto Confortável Leve e Antiderrapante,17.90,17.90,0,https://s.shopee.com.br/3B7g2hj53p,https://raw.githubusercontent.com/achadinhosdoterra/achadinhosdoterra.github.io/main/imagens_geradas/chinelo-masculino-adulto-confort-vel-leve-e-antiderrapante-1790453180-0.jpg,18152500174521646
2026-09-26,story,Chinelo Masculino Adulto Confortável Leve e Antiderrapante,17.90,17.90,0,https://s.shopee.com.br/3B7g2hj53p,https://raw.githubusercontent.com/achadinhosdoterra/achadinhosdoterra.github.io/main/stories_geradas/chinelo-masculino-adulto-confort-vel-leve-e-antiderrapante-1790460482.jpg,18102403754296914
2026-09-26,feed,Kit Clareador Facial Sabonete Líquido + Protetor Solar + Sérum Multicorretivo,79.90,79.90,0,https://s.shopee.com.br/9KiJO2LbYQ,https://raw.githubusercontent.com/achadinhosdoterra/achadinhosdoterra.github.io/main/imagens_geradas/kit-clareador-facial-sabonete-l-quido-protetor-solar-s-rum-m-1790463992-0.jpg,17892160344678954
2026-09-27,story,Kit Clareador Facial Sabonete Líquido + Protetor Solar + Sérum Multicorretivo,79.90,79.90,0,https://s.shopee.com.br/9KiJO2LbYQ,https://raw.githubusercontent.com/achadinhosdoterra/achadinhosdoterra.github.io/main/stories_geradas/kit-clareador-facial-sabonete-l-quido-protetor-solar-s-rum-m-1790467932.jpg,18342125794250228
2026-09-27,story,Brinquedo Inteligente Recarregável para Gatos com Bola Automática,10.50,10.50,0,https://s.shopee.com.br/2gBPRmkz4k,https://raw.githubusercontent.com/achadinhosdoterra/achadinhosdoterra.github.io/main/stories_geradas/brinquedo-inteligente-recarreg-vel-para-gatos-com-bola-autom-1790474885.jpg,18090397397196522
2026-09-27,feed,Kit de Óleo Capilar Cronograma Terapia Capilar 100% Natural,15.92,15.92,0,https://s.shopee.com.br/9fL9meKKtV,https://raw.githubusercontent.com/achadinhosdoterra/achadinhosdoterra.github.io/main/imagens_geradas/kit-de-leo-capilar-cronograma-terapia-capilar-100-natural-1790510899-0.jpg,18038571389833736
2026-09-27,story,Kit de Óleo Capilar Cronograma Terapia Capilar 100% Natural,15.92,15.92,0,https://s.shopee.com.br/9fL9meKKtV,https://raw.githubusercontent.com/achadinhosdoterra/achadinhosdoterra.github.io/main/stories_geradas/kit-de-leo-capilar-cronograma-terapia-capilar-100-natural-1790511032.jpg,18134288569732109
2026-09-27,feed,Kit Presilhas de Cabelo Estrela Coloridas Sortidas,10.00,10.00,0,https://s.shopee.com.br/3VkWRJhoNz,https://raw.githubusercontent.com/achadinhosdoterra/achadinhosdoterra.github.io/main/imagens_geradas/kit-presilhas-de-cabelo-estrela-coloridas-sortidas-1790515389-0.jpg,18004799903792014
2026-09-27,feed,Tenis Masculino Escolar Academia Corrida FREEDOM,44.99,44.99,0,https://s.shopee.com.br/BU4TBuV9X,https://raw.githubusercontent.com/achadinhosdoterra/achadinhosdoterra.github.io/main/imagens_geradas/tenis-masculino-escolar-academia-corrida-freedom-1790515457-0.jpg,18094676234127033
2026-09-27,feed,Fone M10 De Ouvido Bluetooth 5.3 Sem Fio TWS Estéreo,19.58,19.58,0,https://s.shopee.com.br/2LYZ3AmFkq,https://raw.githubusercontent.com/achadinhosdoterra/achadinhosdoterra.github.io/main/imagens_geradas/fone-m10-de-ouvido-bluetooth-5-3-sem-fio-tws-est-reo-1790515523-0.jpg,18044882495819240
2026-09-27,feed,Fone Bluetooth TWS Esportivo Gancho Auricular Anti-Queda,22.88,22.88,0,https://s.shopee.com.br/LnUfUtroW,https://raw.githubusercontent.com/achadinhosdoterra/achadinhosdoterra.github.io/main/imagens_geradas/fone-bluetooth-tws-esportivo-gancho-auricular-anti-queda-1790515588-0.jpg,18122108092900600
2026-09-27,feed,Kit até 10 Cuecas Boxer de Microfibra Conforto,19.99,19.99,0,https://s.shopee.com.br/60RrPuYIKE,https://raw.githubusercontent.com/achadinhosdoterra/achadinhosdoterra.github.io/main/imagens_geradas/kit-at-10-cuecas-boxer-de-microfibra-conforto-1790515649-0.jpg,18131680789675037
2026-09-27,feed,Aparador Feminino 4 Em 1 Recarregável USB Depilador,34.50,34.50,0,https://s.shopee.com.br/1BMbf1qh8m,https://raw.githubusercontent.com/achadinhosdoterra/achadinhosdoterra.github.io/main/imagens_geradas/aparador-feminino-4-em-1-recarreg-vel-usb-depilador-1790515718-0.jpg,18126211903798707
2026-09-27,feed,Fone de Ouvido Bluetooth J760 Cancelamento de Ruído Conforto,40.98,40.98,0,https://s.shopee.com.br/9zy0BGJ4Cc,https://raw.githubusercontent.com/achadinhosdoterra/achadinhosdoterra.github.io/main/imagens_geradas/fone-de-ouvido-bluetooth-j760-cancelamento-de-ru-do-conforto-1790515779-0.jpg,18125108644856045
2026-09-27,feed,Óleo Capilar Superpoderoso Cresce e Acontece 7ml Forever Liss,9.90,9.90,0,https://s.shopee.com.br/8AWLztQ2vL,https://raw.githubusercontent.com/achadinhosdoterra/achadinhosdoterra.github.io/main/imagens_geradas/leo-capilar-superpoderoso-cresce-e-acontece-7ml-forever-liss-1790515838-0.jpg,18382239070225896
2026-09-27,feed,Tênis Feminino Esportivo Leve e Macio Academia Corrida,29.00,29.00,0,https://s.shopee.com.br/30oFqOjiPp,https://raw.githubusercontent.com/achadinhosdoterra/achadinhosdoterra.github.io/main/imagens_geradas/t-nis-feminino-esportivo-leve-e-macio-academia-corrida-1790515895-0.jpg,18013985165979972
2026-09-27,feed,Conjunto Academia Calça e Top Bicolor Fitness Suplex Premium,89.00,89.00,0,https://s.shopee.com.br/2VrzFTlcQu,https://raw.githubusercontent.com/achadinhosdoterra/achadinhosdoterra.github.io/main/imagens_geradas/conjunto-academia-cal-a-e-top-bicolor-fitness-suplex-premium-1790515965-0.jpg,18108001034522491
2026-09-27,feed,Caneta de Sobrancelha Fio a Fio 4 Pontas Microblading,9.99,9.99,0,https://s.shopee.com.br/1Lg1rKq3nf,https://raw.githubusercontent.com/achadinhosdoterra/achadinhosdoterra.github.io/main/imagens_geradas/caneta-de-sobrancelha-fio-a-fio-4-pontas-microblading-1790516034-0.jpg,17912378733521857
2026-09-27,feed,Kit 2 Escova Dental Elétrica Sonic X-3 USB Vibração Ultra-Sônica,20.70,20.70,0,https://s.shopee.com.br/AAHQNZIQsg,https://raw.githubusercontent.com/achadinhosdoterra/achadinhosdoterra.github.io/main/imagens_geradas/kit-2-escova-dental-el-trica-sonic-x-3-usb-vibra-o-ultra-s-n-1790516102-0.jpg,18087481070260398
2026-09-27,feed,Squishies De Bolinho Caixa De Brilho Alívio de Estresse,22.99,22.99,0,https://s.shopee.com.br/3LR6F0iRjz,https://raw.githubusercontent.com/achadinhosdoterra/achadinhosdoterra.github.io/main/imagens_geradas/squishies-de-bolinho-caixa-de-brilho-al-vio-de-estresse-1790516156-0.jpg,17935784658126537
2026-09-27,feed,NIVEA Loção Hidratante Milk Pele Seca a Extrasseca 200ml,14.99,14.99,0,https://s.shopee.com.br/BU4TBuVAY,https://raw.githubusercontent.com/achadinhosdoterra/achadinhosdoterra.github.io/main/imagens_geradas/nivea-lo-o-hidratante-milk-pele-seca-a-extrasseca-200ml-1790516228-0.jpg,18384574795230674
2026-09-27,story,Kit Presilhas de Cabelo Estrela Coloridas Sortidas,10.00,10.00,0,https://s.shopee.com.br/3VkWRJhoNz,https://raw.githubusercontent.com/achadinhosdoterra/achadinhosdoterra.github.io/main/stories_geradas/kit-presilhas-de-cabelo-estrela-coloridas-sortidas-1790518069.jpg,18065302076785575
2026-09-27,feed,Creme Hidratante Anti-Idade SIMU | Reduz Rugas e Linhas Finas | Rejuvenescimento Facial,23.99,23.99,0,https://s.shopee.com.br/30oFqOjiOm,https://raw.githubusercontent.com/achadinhosdoterra/achadinhosdoterra.github.io/main/imagens_geradas/creme-hidratante-anti-idade-simu-reduz-rugas-e-linhas-finas--1790525204-0.jpg,18150457360529664
2026-09-27,story,Tenis Masculino Escolar Academia Corrida FREEDOM,44.99,44.99,0,https://s.shopee.com.br/BU4TBuV9X,https://raw.githubusercontent.com/achadinhosdoterra/achadinhosdoterra.github.io/main/stories_geradas/tenis-masculino-escolar-academia-corrida-freedom-1790532580.jpg,17965689174187704
2026-09-27,story,Fone M10 De Ouvido Bluetooth 5.3 Sem Fio TWS Estéreo,19.58,19.58,0,https://s.shopee.com.br/2LYZ3AmFkq,https://raw.githubusercontent.com/achadinhosdoterra/achadinhosdoterra.github.io/main/stories_geradas/fone-m10-de-ouvido-bluetooth-5-3-sem-fio-tws-est-reo-1790539692.jpg,18113385083094188
2026-09-27,story,Fone Bluetooth TWS Esportivo Gancho Auricular Anti-Queda,22.88,22.88,0,https://s.shopee.com.br/LnUfUtroW,https://raw.githubusercontent.com/achadinhosdoterra/achadinhosdoterra.github.io/main/stories_geradas/fone-bluetooth-tws-esportivo-gancho-auricular-anti-queda-1790546876.jpg,18629855572033672
2026-09-27,feed,Sandália Babuche Dinossauro no Vulcão Ovo Coqueiro Leve Macio Muito Confortável,31.99,31.99,0,https://s.shopee.com.br/2qUpe5kLjn,https://raw.githubusercontent.com/achadinhosdoterra/achadinhosdoterra.github.io/main/imagens_geradas/sand-lia-babuche-dinossauro-no-vulc-o-ovo-coqueiro-leve-maci-1790550387-0.jpg,18085302071307406
2026-09-28,story,Kit até 10 Cuecas Boxer de Microfibra Conforto,19.99,19.99,0,https://s.shopee.com.br/60RrPuYIKE,https://raw.githubusercontent.com/achadinhosdoterra/achadinhosdoterra.github.io/main/stories_geradas/kit-at-10-cuecas-boxer-de-microfibra-conforto-1790554366.jpg,18627737779011591
2026-09-28,feed,Sandália Babuche Infantil Juvenil Leve Macio,15.99,15.99,0,https://s.shopee.com.br/3g3wdchB2y,https://raw.githubusercontent.com/achadinhosdoterra/achadinhosdoterra.github.io/main/imagens_geradas/sand-lia-babuche-infantil-juvenil-leve-macio-1790597322-0.jpg,18150283078536188
2026-09-28,story,Sandália Babuche Infantil Juvenil Leve Macio,15.99,15.99,0,https://s.shopee.com.br/3g3wdchB2y,https://raw.githubusercontent.com/achadinhosdoterra/achadinhosdoterra.github.io/main/stories_geradas/sand-lia-babuche-infantil-juvenil-leve-macio-1790597467.jpg,18192758821399347
2026-09-28,story,Aparador Feminino 4 Em 1 Recarregável USB Depilador,34.50,34.50,0,https://s.shopee.com.br/1BMbf1qh8m,https://raw.githubusercontent.com/achadinhosdoterra/achadinhosdoterra.github.io/main/stories_geradas/aparador-feminino-4-em-1-recarreg-vel-usb-depilador-1790604694.jpg,18565225441075086
2026-09-28,feed,Adaptador Plug Otg Usb Tipo C Fêmea Para Macho Usb Notebook Celular Tablet Kit OTG USB Conector LG,7.83,7.83,0,https://s.shopee.com.br/3qNMpvgXi1,https://raw.githubusercontent.com/achadinhosdoterra/achadinhosdoterra.github.io/main/imagens_geradas/adaptador-plug-otg-usb-tipo-c-f-mea-para-macho-usb-notebook--1790611745-0.jpg,18061238522788727
2026-09-28,story,Adaptador Plug Otg Usb Tipo C Fêmea Para Macho Usb Notebook Celular Tablet Kit OTG USB Conector LG,7.83,7.83,0,https://s.shopee.com.br/3qNMpvgXi1,https://raw.githubusercontent.com/achadinhosdoterra/achadinhosdoterra.github.io/main/stories_geradas/adaptador-plug-otg-usb-tipo-c-f-mea-para-macho-usb-notebook--1790619051.jpg,18133529188659453
